
--
-- Data for Name: asm_state; Type: TABLE DATA; Schema: public; Owner: corlaadmin
--

INSERT INTO public.asm_state (id, asm_class, asm_identity, state_class, state_value, version) VALUES (44639, 'us.freeandfair.corla.asm.DoSDashboardASM', 'DoS', 'us.freeandfair.corla.asm.ASMState$DoSDashboardState', 'DOS_INITIAL_STATE', 0);
INSERT INTO public.asm_state (id, asm_class, asm_identity, state_class, state_value, version) VALUES (44640, 'us.freeandfair.corla.asm.CountyDashboardASM', '44', 'us.freeandfair.corla.asm.ASMState$CountyDashboardState', 'COUNTY_INITIAL_STATE', 0);
INSERT INTO public.asm_state (id, asm_class, asm_identity, state_class, state_value, version) VALUES (44641, 'us.freeandfair.corla.asm.AuditBoardDashboardASM', '44', 'us.freeandfair.corla.asm.ASMState$AuditBoardDashboardState', 'AUDIT_INITIAL_STATE', 0);
INSERT INTO public.asm_state (id, asm_class, asm_identity, state_class, state_value, version) VALUES (44642, 'us.freeandfair.corla.asm.CountyDashboardASM', '45', 'us.freeandfair.corla.asm.ASMState$CountyDashboardState', 'COUNTY_INITIAL_STATE', 0);
INSERT INTO public.asm_state (id, asm_class, asm_identity, state_class, state_value, version) VALUES (44643, 'us.freeandfair.corla.asm.AuditBoardDashboardASM', '45', 'us.freeandfair.corla.asm.ASMState$AuditBoardDashboardState', 'AUDIT_INITIAL_STATE', 0);
INSERT INTO public.asm_state (id, asm_class, asm_identity, state_class, state_value, version) VALUES (44644, 'us.freeandfair.corla.asm.CountyDashboardASM', '46', 'us.freeandfair.corla.asm.ASMState$CountyDashboardState', 'COUNTY_INITIAL_STATE', 0);
INSERT INTO public.asm_state (id, asm_class, asm_identity, state_class, state_value, version) VALUES (44645, 'us.freeandfair.corla.asm.AuditBoardDashboardASM', '46', 'us.freeandfair.corla.asm.ASMState$AuditBoardDashboardState', 'AUDIT_INITIAL_STATE', 0);
INSERT INTO public.asm_state (id, asm_class, asm_identity, state_class, state_value, version) VALUES (44646, 'us.freeandfair.corla.asm.CountyDashboardASM', '47', 'us.freeandfair.corla.asm.ASMState$CountyDashboardState', 'COUNTY_INITIAL_STATE', 0);
INSERT INTO public.asm_state (id, asm_class, asm_identity, state_class, state_value, version) VALUES (44647, 'us.freeandfair.corla.asm.AuditBoardDashboardASM', '47', 'us.freeandfair.corla.asm.ASMState$AuditBoardDashboardState', 'AUDIT_INITIAL_STATE', 0);
INSERT INTO public.asm_state (id, asm_class, asm_identity, state_class, state_value, version) VALUES (44648, 'us.freeandfair.corla.asm.CountyDashboardASM', '48', 'us.freeandfair.corla.asm.ASMState$CountyDashboardState', 'COUNTY_INITIAL_STATE', 0);
INSERT INTO public.asm_state (id, asm_class, asm_identity, state_class, state_value, version) VALUES (44649, 'us.freeandfair.corla.asm.AuditBoardDashboardASM', '48', 'us.freeandfair.corla.asm.ASMState$AuditBoardDashboardState', 'AUDIT_INITIAL_STATE', 0);
INSERT INTO public.asm_state (id, asm_class, asm_identity, state_class, state_value, version) VALUES (44650, 'us.freeandfair.corla.asm.CountyDashboardASM', '49', 'us.freeandfair.corla.asm.ASMState$CountyDashboardState', 'COUNTY_INITIAL_STATE', 0);
INSERT INTO public.asm_state (id, asm_class, asm_identity, state_class, state_value, version) VALUES (44651, 'us.freeandfair.corla.asm.AuditBoardDashboardASM', '49', 'us.freeandfair.corla.asm.ASMState$AuditBoardDashboardState', 'AUDIT_INITIAL_STATE', 0);
INSERT INTO public.asm_state (id, asm_class, asm_identity, state_class, state_value, version) VALUES (44652, 'us.freeandfair.corla.asm.CountyDashboardASM', '50', 'us.freeandfair.corla.asm.ASMState$CountyDashboardState', 'COUNTY_INITIAL_STATE', 0);
INSERT INTO public.asm_state (id, asm_class, asm_identity, state_class, state_value, version) VALUES (44653, 'us.freeandfair.corla.asm.AuditBoardDashboardASM', '50', 'us.freeandfair.corla.asm.ASMState$AuditBoardDashboardState', 'AUDIT_INITIAL_STATE', 0);
INSERT INTO public.asm_state (id, asm_class, asm_identity, state_class, state_value, version) VALUES (44654, 'us.freeandfair.corla.asm.CountyDashboardASM', '51', 'us.freeandfair.corla.asm.ASMState$CountyDashboardState', 'COUNTY_INITIAL_STATE', 0);
INSERT INTO public.asm_state (id, asm_class, asm_identity, state_class, state_value, version) VALUES (44655, 'us.freeandfair.corla.asm.AuditBoardDashboardASM', '51', 'us.freeandfair.corla.asm.ASMState$AuditBoardDashboardState', 'AUDIT_INITIAL_STATE', 0);
INSERT INTO public.asm_state (id, asm_class, asm_identity, state_class, state_value, version) VALUES (44656, 'us.freeandfair.corla.asm.CountyDashboardASM', '52', 'us.freeandfair.corla.asm.ASMState$CountyDashboardState', 'COUNTY_INITIAL_STATE', 0);
INSERT INTO public.asm_state (id, asm_class, asm_identity, state_class, state_value, version) VALUES (44657, 'us.freeandfair.corla.asm.AuditBoardDashboardASM', '52', 'us.freeandfair.corla.asm.ASMState$AuditBoardDashboardState', 'AUDIT_INITIAL_STATE', 0);
INSERT INTO public.asm_state (id, asm_class, asm_identity, state_class, state_value, version) VALUES (44658, 'us.freeandfair.corla.asm.CountyDashboardASM', '53', 'us.freeandfair.corla.asm.ASMState$CountyDashboardState', 'COUNTY_INITIAL_STATE', 0);
INSERT INTO public.asm_state (id, asm_class, asm_identity, state_class, state_value, version) VALUES (44659, 'us.freeandfair.corla.asm.AuditBoardDashboardASM', '53', 'us.freeandfair.corla.asm.ASMState$AuditBoardDashboardState', 'AUDIT_INITIAL_STATE', 0);
INSERT INTO public.asm_state (id, asm_class, asm_identity, state_class, state_value, version) VALUES (44660, 'us.freeandfair.corla.asm.CountyDashboardASM', '10', 'us.freeandfair.corla.asm.ASMState$CountyDashboardState', 'COUNTY_INITIAL_STATE', 0);
INSERT INTO public.asm_state (id, asm_class, asm_identity, state_class, state_value, version) VALUES (44661, 'us.freeandfair.corla.asm.AuditBoardDashboardASM', '10', 'us.freeandfair.corla.asm.ASMState$AuditBoardDashboardState', 'AUDIT_INITIAL_STATE', 0);
INSERT INTO public.asm_state (id, asm_class, asm_identity, state_class, state_value, version) VALUES (44662, 'us.freeandfair.corla.asm.CountyDashboardASM', '54', 'us.freeandfair.corla.asm.ASMState$CountyDashboardState', 'COUNTY_INITIAL_STATE', 0);
INSERT INTO public.asm_state (id, asm_class, asm_identity, state_class, state_value, version) VALUES (44663, 'us.freeandfair.corla.asm.AuditBoardDashboardASM', '54', 'us.freeandfair.corla.asm.ASMState$AuditBoardDashboardState', 'AUDIT_INITIAL_STATE', 0);
INSERT INTO public.asm_state (id, asm_class, asm_identity, state_class, state_value, version) VALUES (44664, 'us.freeandfair.corla.asm.CountyDashboardASM', '11', 'us.freeandfair.corla.asm.ASMState$CountyDashboardState', 'COUNTY_INITIAL_STATE', 0);
INSERT INTO public.asm_state (id, asm_class, asm_identity, state_class, state_value, version) VALUES (44665, 'us.freeandfair.corla.asm.AuditBoardDashboardASM', '11', 'us.freeandfair.corla.asm.ASMState$AuditBoardDashboardState', 'AUDIT_INITIAL_STATE', 0);
INSERT INTO public.asm_state (id, asm_class, asm_identity, state_class, state_value, version) VALUES (44666, 'us.freeandfair.corla.asm.CountyDashboardASM', '55', 'us.freeandfair.corla.asm.ASMState$CountyDashboardState', 'COUNTY_INITIAL_STATE', 0);
INSERT INTO public.asm_state (id, asm_class, asm_identity, state_class, state_value, version) VALUES (44667, 'us.freeandfair.corla.asm.AuditBoardDashboardASM', '55', 'us.freeandfair.corla.asm.ASMState$AuditBoardDashboardState', 'AUDIT_INITIAL_STATE', 0);
INSERT INTO public.asm_state (id, asm_class, asm_identity, state_class, state_value, version) VALUES (44668, 'us.freeandfair.corla.asm.CountyDashboardASM', '12', 'us.freeandfair.corla.asm.ASMState$CountyDashboardState', 'COUNTY_INITIAL_STATE', 0);
INSERT INTO public.asm_state (id, asm_class, asm_identity, state_class, state_value, version) VALUES (44669, 'us.freeandfair.corla.asm.AuditBoardDashboardASM', '12', 'us.freeandfair.corla.asm.ASMState$AuditBoardDashboardState', 'AUDIT_INITIAL_STATE', 0);
INSERT INTO public.asm_state (id, asm_class, asm_identity, state_class, state_value, version) VALUES (44670, 'us.freeandfair.corla.asm.CountyDashboardASM', '56', 'us.freeandfair.corla.asm.ASMState$CountyDashboardState', 'COUNTY_INITIAL_STATE', 0);
INSERT INTO public.asm_state (id, asm_class, asm_identity, state_class, state_value, version) VALUES (44671, 'us.freeandfair.corla.asm.AuditBoardDashboardASM', '56', 'us.freeandfair.corla.asm.ASMState$AuditBoardDashboardState', 'AUDIT_INITIAL_STATE', 0);
INSERT INTO public.asm_state (id, asm_class, asm_identity, state_class, state_value, version) VALUES (44672, 'us.freeandfair.corla.asm.CountyDashboardASM', '13', 'us.freeandfair.corla.asm.ASMState$CountyDashboardState', 'COUNTY_INITIAL_STATE', 0);
INSERT INTO public.asm_state (id, asm_class, asm_identity, state_class, state_value, version) VALUES (44673, 'us.freeandfair.corla.asm.AuditBoardDashboardASM', '13', 'us.freeandfair.corla.asm.ASMState$AuditBoardDashboardState', 'AUDIT_INITIAL_STATE', 0);
INSERT INTO public.asm_state (id, asm_class, asm_identity, state_class, state_value, version) VALUES (44674, 'us.freeandfair.corla.asm.CountyDashboardASM', '57', 'us.freeandfair.corla.asm.ASMState$CountyDashboardState', 'COUNTY_INITIAL_STATE', 0);
INSERT INTO public.asm_state (id, asm_class, asm_identity, state_class, state_value, version) VALUES (44675, 'us.freeandfair.corla.asm.AuditBoardDashboardASM', '57', 'us.freeandfair.corla.asm.ASMState$AuditBoardDashboardState', 'AUDIT_INITIAL_STATE', 0);
INSERT INTO public.asm_state (id, asm_class, asm_identity, state_class, state_value, version) VALUES (44676, 'us.freeandfair.corla.asm.CountyDashboardASM', '14', 'us.freeandfair.corla.asm.ASMState$CountyDashboardState', 'COUNTY_INITIAL_STATE', 0);
INSERT INTO public.asm_state (id, asm_class, asm_identity, state_class, state_value, version) VALUES (44677, 'us.freeandfair.corla.asm.AuditBoardDashboardASM', '14', 'us.freeandfair.corla.asm.ASMState$AuditBoardDashboardState', 'AUDIT_INITIAL_STATE', 0);
INSERT INTO public.asm_state (id, asm_class, asm_identity, state_class, state_value, version) VALUES (44678, 'us.freeandfair.corla.asm.CountyDashboardASM', '58', 'us.freeandfair.corla.asm.ASMState$CountyDashboardState', 'COUNTY_INITIAL_STATE', 0);
INSERT INTO public.asm_state (id, asm_class, asm_identity, state_class, state_value, version) VALUES (44679, 'us.freeandfair.corla.asm.AuditBoardDashboardASM', '58', 'us.freeandfair.corla.asm.ASMState$AuditBoardDashboardState', 'AUDIT_INITIAL_STATE', 0);
INSERT INTO public.asm_state (id, asm_class, asm_identity, state_class, state_value, version) VALUES (44680, 'us.freeandfair.corla.asm.CountyDashboardASM', '15', 'us.freeandfair.corla.asm.ASMState$CountyDashboardState', 'COUNTY_INITIAL_STATE', 0);
INSERT INTO public.asm_state (id, asm_class, asm_identity, state_class, state_value, version) VALUES (44681, 'us.freeandfair.corla.asm.AuditBoardDashboardASM', '15', 'us.freeandfair.corla.asm.ASMState$AuditBoardDashboardState', 'AUDIT_INITIAL_STATE', 0);
INSERT INTO public.asm_state (id, asm_class, asm_identity, state_class, state_value, version) VALUES (44682, 'us.freeandfair.corla.asm.CountyDashboardASM', '59', 'us.freeandfair.corla.asm.ASMState$CountyDashboardState', 'COUNTY_INITIAL_STATE', 0);
INSERT INTO public.asm_state (id, asm_class, asm_identity, state_class, state_value, version) VALUES (44683, 'us.freeandfair.corla.asm.AuditBoardDashboardASM', '59', 'us.freeandfair.corla.asm.ASMState$AuditBoardDashboardState', 'AUDIT_INITIAL_STATE', 0);
INSERT INTO public.asm_state (id, asm_class, asm_identity, state_class, state_value, version) VALUES (44684, 'us.freeandfair.corla.asm.CountyDashboardASM', '16', 'us.freeandfair.corla.asm.ASMState$CountyDashboardState', 'COUNTY_INITIAL_STATE', 0);
INSERT INTO public.asm_state (id, asm_class, asm_identity, state_class, state_value, version) VALUES (44685, 'us.freeandfair.corla.asm.AuditBoardDashboardASM', '16', 'us.freeandfair.corla.asm.ASMState$AuditBoardDashboardState', 'AUDIT_INITIAL_STATE', 0);
INSERT INTO public.asm_state (id, asm_class, asm_identity, state_class, state_value, version) VALUES (44686, 'us.freeandfair.corla.asm.CountyDashboardASM', '17', 'us.freeandfair.corla.asm.ASMState$CountyDashboardState', 'COUNTY_INITIAL_STATE', 0);
INSERT INTO public.asm_state (id, asm_class, asm_identity, state_class, state_value, version) VALUES (44687, 'us.freeandfair.corla.asm.AuditBoardDashboardASM', '17', 'us.freeandfair.corla.asm.ASMState$AuditBoardDashboardState', 'AUDIT_INITIAL_STATE', 0);
INSERT INTO public.asm_state (id, asm_class, asm_identity, state_class, state_value, version) VALUES (44688, 'us.freeandfair.corla.asm.CountyDashboardASM', '18', 'us.freeandfair.corla.asm.ASMState$CountyDashboardState', 'COUNTY_INITIAL_STATE', 0);
INSERT INTO public.asm_state (id, asm_class, asm_identity, state_class, state_value, version) VALUES (44689, 'us.freeandfair.corla.asm.AuditBoardDashboardASM', '18', 'us.freeandfair.corla.asm.ASMState$AuditBoardDashboardState', 'AUDIT_INITIAL_STATE', 0);
INSERT INTO public.asm_state (id, asm_class, asm_identity, state_class, state_value, version) VALUES (44690, 'us.freeandfair.corla.asm.CountyDashboardASM', '19', 'us.freeandfair.corla.asm.ASMState$CountyDashboardState', 'COUNTY_INITIAL_STATE', 0);
INSERT INTO public.asm_state (id, asm_class, asm_identity, state_class, state_value, version) VALUES (44691, 'us.freeandfair.corla.asm.AuditBoardDashboardASM', '19', 'us.freeandfair.corla.asm.ASMState$AuditBoardDashboardState', 'AUDIT_INITIAL_STATE', 0);
INSERT INTO public.asm_state (id, asm_class, asm_identity, state_class, state_value, version) VALUES (44692, 'us.freeandfair.corla.asm.CountyDashboardASM', '1', 'us.freeandfair.corla.asm.ASMState$CountyDashboardState', 'COUNTY_INITIAL_STATE', 0);
INSERT INTO public.asm_state (id, asm_class, asm_identity, state_class, state_value, version) VALUES (44693, 'us.freeandfair.corla.asm.AuditBoardDashboardASM', '1', 'us.freeandfair.corla.asm.ASMState$AuditBoardDashboardState', 'AUDIT_INITIAL_STATE', 0);
INSERT INTO public.asm_state (id, asm_class, asm_identity, state_class, state_value, version) VALUES (44694, 'us.freeandfair.corla.asm.CountyDashboardASM', '2', 'us.freeandfair.corla.asm.ASMState$CountyDashboardState', 'COUNTY_INITIAL_STATE', 0);
INSERT INTO public.asm_state (id, asm_class, asm_identity, state_class, state_value, version) VALUES (44695, 'us.freeandfair.corla.asm.AuditBoardDashboardASM', '2', 'us.freeandfair.corla.asm.ASMState$AuditBoardDashboardState', 'AUDIT_INITIAL_STATE', 0);
INSERT INTO public.asm_state (id, asm_class, asm_identity, state_class, state_value, version) VALUES (44696, 'us.freeandfair.corla.asm.CountyDashboardASM', '3', 'us.freeandfair.corla.asm.ASMState$CountyDashboardState', 'COUNTY_INITIAL_STATE', 0);
INSERT INTO public.asm_state (id, asm_class, asm_identity, state_class, state_value, version) VALUES (44697, 'us.freeandfair.corla.asm.AuditBoardDashboardASM', '3', 'us.freeandfair.corla.asm.ASMState$AuditBoardDashboardState', 'AUDIT_INITIAL_STATE', 0);
INSERT INTO public.asm_state (id, asm_class, asm_identity, state_class, state_value, version) VALUES (44698, 'us.freeandfair.corla.asm.CountyDashboardASM', '4', 'us.freeandfair.corla.asm.ASMState$CountyDashboardState', 'COUNTY_INITIAL_STATE', 0);
INSERT INTO public.asm_state (id, asm_class, asm_identity, state_class, state_value, version) VALUES (44699, 'us.freeandfair.corla.asm.AuditBoardDashboardASM', '4', 'us.freeandfair.corla.asm.ASMState$AuditBoardDashboardState', 'AUDIT_INITIAL_STATE', 0);
INSERT INTO public.asm_state (id, asm_class, asm_identity, state_class, state_value, version) VALUES (44700, 'us.freeandfair.corla.asm.CountyDashboardASM', '5', 'us.freeandfair.corla.asm.ASMState$CountyDashboardState', 'COUNTY_INITIAL_STATE', 0);
INSERT INTO public.asm_state (id, asm_class, asm_identity, state_class, state_value, version) VALUES (44701, 'us.freeandfair.corla.asm.AuditBoardDashboardASM', '5', 'us.freeandfair.corla.asm.ASMState$AuditBoardDashboardState', 'AUDIT_INITIAL_STATE', 0);
INSERT INTO public.asm_state (id, asm_class, asm_identity, state_class, state_value, version) VALUES (44702, 'us.freeandfair.corla.asm.CountyDashboardASM', '6', 'us.freeandfair.corla.asm.ASMState$CountyDashboardState', 'COUNTY_INITIAL_STATE', 0);
INSERT INTO public.asm_state (id, asm_class, asm_identity, state_class, state_value, version) VALUES (44703, 'us.freeandfair.corla.asm.AuditBoardDashboardASM', '6', 'us.freeandfair.corla.asm.ASMState$AuditBoardDashboardState', 'AUDIT_INITIAL_STATE', 0);
INSERT INTO public.asm_state (id, asm_class, asm_identity, state_class, state_value, version) VALUES (44704, 'us.freeandfair.corla.asm.CountyDashboardASM', '7', 'us.freeandfair.corla.asm.ASMState$CountyDashboardState', 'COUNTY_INITIAL_STATE', 0);
INSERT INTO public.asm_state (id, asm_class, asm_identity, state_class, state_value, version) VALUES (44705, 'us.freeandfair.corla.asm.AuditBoardDashboardASM', '7', 'us.freeandfair.corla.asm.ASMState$AuditBoardDashboardState', 'AUDIT_INITIAL_STATE', 0);
INSERT INTO public.asm_state (id, asm_class, asm_identity, state_class, state_value, version) VALUES (44706, 'us.freeandfair.corla.asm.CountyDashboardASM', '8', 'us.freeandfair.corla.asm.ASMState$CountyDashboardState', 'COUNTY_INITIAL_STATE', 0);
INSERT INTO public.asm_state (id, asm_class, asm_identity, state_class, state_value, version) VALUES (44707, 'us.freeandfair.corla.asm.AuditBoardDashboardASM', '8', 'us.freeandfair.corla.asm.ASMState$AuditBoardDashboardState', 'AUDIT_INITIAL_STATE', 0);
INSERT INTO public.asm_state (id, asm_class, asm_identity, state_class, state_value, version) VALUES (44708, 'us.freeandfair.corla.asm.CountyDashboardASM', '9', 'us.freeandfair.corla.asm.ASMState$CountyDashboardState', 'COUNTY_INITIAL_STATE', 0);
INSERT INTO public.asm_state (id, asm_class, asm_identity, state_class, state_value, version) VALUES (44709, 'us.freeandfair.corla.asm.AuditBoardDashboardASM', '9', 'us.freeandfair.corla.asm.ASMState$AuditBoardDashboardState', 'AUDIT_INITIAL_STATE', 0);
INSERT INTO public.asm_state (id, asm_class, asm_identity, state_class, state_value, version) VALUES (44710, 'us.freeandfair.corla.asm.CountyDashboardASM', '60', 'us.freeandfair.corla.asm.ASMState$CountyDashboardState', 'COUNTY_INITIAL_STATE', 0);
INSERT INTO public.asm_state (id, asm_class, asm_identity, state_class, state_value, version) VALUES (44711, 'us.freeandfair.corla.asm.AuditBoardDashboardASM', '60', 'us.freeandfair.corla.asm.ASMState$AuditBoardDashboardState', 'AUDIT_INITIAL_STATE', 0);
INSERT INTO public.asm_state (id, asm_class, asm_identity, state_class, state_value, version) VALUES (44712, 'us.freeandfair.corla.asm.CountyDashboardASM', '61', 'us.freeandfair.corla.asm.ASMState$CountyDashboardState', 'COUNTY_INITIAL_STATE', 0);
INSERT INTO public.asm_state (id, asm_class, asm_identity, state_class, state_value, version) VALUES (44713, 'us.freeandfair.corla.asm.AuditBoardDashboardASM', '61', 'us.freeandfair.corla.asm.ASMState$AuditBoardDashboardState', 'AUDIT_INITIAL_STATE', 0);
INSERT INTO public.asm_state (id, asm_class, asm_identity, state_class, state_value, version) VALUES (44714, 'us.freeandfair.corla.asm.CountyDashboardASM', '62', 'us.freeandfair.corla.asm.ASMState$CountyDashboardState', 'COUNTY_INITIAL_STATE', 0);
INSERT INTO public.asm_state (id, asm_class, asm_identity, state_class, state_value, version) VALUES (44715, 'us.freeandfair.corla.asm.AuditBoardDashboardASM', '62', 'us.freeandfair.corla.asm.ASMState$AuditBoardDashboardState', 'AUDIT_INITIAL_STATE', 0);
INSERT INTO public.asm_state (id, asm_class, asm_identity, state_class, state_value, version) VALUES (44716, 'us.freeandfair.corla.asm.CountyDashboardASM', '63', 'us.freeandfair.corla.asm.ASMState$CountyDashboardState', 'COUNTY_INITIAL_STATE', 0);
INSERT INTO public.asm_state (id, asm_class, asm_identity, state_class, state_value, version) VALUES (44717, 'us.freeandfair.corla.asm.AuditBoardDashboardASM', '63', 'us.freeandfair.corla.asm.ASMState$AuditBoardDashboardState', 'AUDIT_INITIAL_STATE', 0);
INSERT INTO public.asm_state (id, asm_class, asm_identity, state_class, state_value, version) VALUES (44718, 'us.freeandfair.corla.asm.CountyDashboardASM', '20', 'us.freeandfair.corla.asm.ASMState$CountyDashboardState', 'COUNTY_INITIAL_STATE', 0);
INSERT INTO public.asm_state (id, asm_class, asm_identity, state_class, state_value, version) VALUES (44719, 'us.freeandfair.corla.asm.AuditBoardDashboardASM', '20', 'us.freeandfair.corla.asm.ASMState$AuditBoardDashboardState', 'AUDIT_INITIAL_STATE', 0);
INSERT INTO public.asm_state (id, asm_class, asm_identity, state_class, state_value, version) VALUES (44720, 'us.freeandfair.corla.asm.CountyDashboardASM', '64', 'us.freeandfair.corla.asm.ASMState$CountyDashboardState', 'COUNTY_INITIAL_STATE', 0);
INSERT INTO public.asm_state (id, asm_class, asm_identity, state_class, state_value, version) VALUES (44721, 'us.freeandfair.corla.asm.AuditBoardDashboardASM', '64', 'us.freeandfair.corla.asm.ASMState$AuditBoardDashboardState', 'AUDIT_INITIAL_STATE', 0);
INSERT INTO public.asm_state (id, asm_class, asm_identity, state_class, state_value, version) VALUES (44722, 'us.freeandfair.corla.asm.CountyDashboardASM', '21', 'us.freeandfair.corla.asm.ASMState$CountyDashboardState', 'COUNTY_INITIAL_STATE', 0);
INSERT INTO public.asm_state (id, asm_class, asm_identity, state_class, state_value, version) VALUES (44723, 'us.freeandfair.corla.asm.AuditBoardDashboardASM', '21', 'us.freeandfair.corla.asm.ASMState$AuditBoardDashboardState', 'AUDIT_INITIAL_STATE', 0);
INSERT INTO public.asm_state (id, asm_class, asm_identity, state_class, state_value, version) VALUES (44724, 'us.freeandfair.corla.asm.CountyDashboardASM', '22', 'us.freeandfair.corla.asm.ASMState$CountyDashboardState', 'COUNTY_INITIAL_STATE', 0);
INSERT INTO public.asm_state (id, asm_class, asm_identity, state_class, state_value, version) VALUES (44725, 'us.freeandfair.corla.asm.AuditBoardDashboardASM', '22', 'us.freeandfair.corla.asm.ASMState$AuditBoardDashboardState', 'AUDIT_INITIAL_STATE', 0);
INSERT INTO public.asm_state (id, asm_class, asm_identity, state_class, state_value, version) VALUES (44726, 'us.freeandfair.corla.asm.CountyDashboardASM', '23', 'us.freeandfair.corla.asm.ASMState$CountyDashboardState', 'COUNTY_INITIAL_STATE', 0);
INSERT INTO public.asm_state (id, asm_class, asm_identity, state_class, state_value, version) VALUES (44727, 'us.freeandfair.corla.asm.AuditBoardDashboardASM', '23', 'us.freeandfair.corla.asm.ASMState$AuditBoardDashboardState', 'AUDIT_INITIAL_STATE', 0);
INSERT INTO public.asm_state (id, asm_class, asm_identity, state_class, state_value, version) VALUES (44728, 'us.freeandfair.corla.asm.CountyDashboardASM', '24', 'us.freeandfair.corla.asm.ASMState$CountyDashboardState', 'COUNTY_INITIAL_STATE', 0);
INSERT INTO public.asm_state (id, asm_class, asm_identity, state_class, state_value, version) VALUES (44729, 'us.freeandfair.corla.asm.AuditBoardDashboardASM', '24', 'us.freeandfair.corla.asm.ASMState$AuditBoardDashboardState', 'AUDIT_INITIAL_STATE', 0);
INSERT INTO public.asm_state (id, asm_class, asm_identity, state_class, state_value, version) VALUES (44730, 'us.freeandfair.corla.asm.CountyDashboardASM', '25', 'us.freeandfair.corla.asm.ASMState$CountyDashboardState', 'COUNTY_INITIAL_STATE', 0);
INSERT INTO public.asm_state (id, asm_class, asm_identity, state_class, state_value, version) VALUES (44731, 'us.freeandfair.corla.asm.AuditBoardDashboardASM', '25', 'us.freeandfair.corla.asm.ASMState$AuditBoardDashboardState', 'AUDIT_INITIAL_STATE', 0);
INSERT INTO public.asm_state (id, asm_class, asm_identity, state_class, state_value, version) VALUES (44732, 'us.freeandfair.corla.asm.CountyDashboardASM', '26', 'us.freeandfair.corla.asm.ASMState$CountyDashboardState', 'COUNTY_INITIAL_STATE', 0);
INSERT INTO public.asm_state (id, asm_class, asm_identity, state_class, state_value, version) VALUES (44733, 'us.freeandfair.corla.asm.AuditBoardDashboardASM', '26', 'us.freeandfair.corla.asm.ASMState$AuditBoardDashboardState', 'AUDIT_INITIAL_STATE', 0);
INSERT INTO public.asm_state (id, asm_class, asm_identity, state_class, state_value, version) VALUES (44734, 'us.freeandfair.corla.asm.CountyDashboardASM', '27', 'us.freeandfair.corla.asm.ASMState$CountyDashboardState', 'COUNTY_INITIAL_STATE', 0);
INSERT INTO public.asm_state (id, asm_class, asm_identity, state_class, state_value, version) VALUES (44735, 'us.freeandfair.corla.asm.AuditBoardDashboardASM', '27', 'us.freeandfair.corla.asm.ASMState$AuditBoardDashboardState', 'AUDIT_INITIAL_STATE', 0);
INSERT INTO public.asm_state (id, asm_class, asm_identity, state_class, state_value, version) VALUES (44736, 'us.freeandfair.corla.asm.CountyDashboardASM', '28', 'us.freeandfair.corla.asm.ASMState$CountyDashboardState', 'COUNTY_INITIAL_STATE', 0);
INSERT INTO public.asm_state (id, asm_class, asm_identity, state_class, state_value, version) VALUES (44737, 'us.freeandfair.corla.asm.AuditBoardDashboardASM', '28', 'us.freeandfair.corla.asm.ASMState$AuditBoardDashboardState', 'AUDIT_INITIAL_STATE', 0);
INSERT INTO public.asm_state (id, asm_class, asm_identity, state_class, state_value, version) VALUES (44738, 'us.freeandfair.corla.asm.CountyDashboardASM', '29', 'us.freeandfair.corla.asm.ASMState$CountyDashboardState', 'COUNTY_INITIAL_STATE', 0);
INSERT INTO public.asm_state (id, asm_class, asm_identity, state_class, state_value, version) VALUES (44739, 'us.freeandfair.corla.asm.AuditBoardDashboardASM', '29', 'us.freeandfair.corla.asm.ASMState$AuditBoardDashboardState', 'AUDIT_INITIAL_STATE', 0);
INSERT INTO public.asm_state (id, asm_class, asm_identity, state_class, state_value, version) VALUES (44740, 'us.freeandfair.corla.asm.CountyDashboardASM', '30', 'us.freeandfair.corla.asm.ASMState$CountyDashboardState', 'COUNTY_INITIAL_STATE', 0);
INSERT INTO public.asm_state (id, asm_class, asm_identity, state_class, state_value, version) VALUES (44741, 'us.freeandfair.corla.asm.AuditBoardDashboardASM', '30', 'us.freeandfair.corla.asm.ASMState$AuditBoardDashboardState', 'AUDIT_INITIAL_STATE', 0);
INSERT INTO public.asm_state (id, asm_class, asm_identity, state_class, state_value, version) VALUES (44742, 'us.freeandfair.corla.asm.CountyDashboardASM', '31', 'us.freeandfair.corla.asm.ASMState$CountyDashboardState', 'COUNTY_INITIAL_STATE', 0);
INSERT INTO public.asm_state (id, asm_class, asm_identity, state_class, state_value, version) VALUES (44743, 'us.freeandfair.corla.asm.AuditBoardDashboardASM', '31', 'us.freeandfair.corla.asm.ASMState$AuditBoardDashboardState', 'AUDIT_INITIAL_STATE', 0);
INSERT INTO public.asm_state (id, asm_class, asm_identity, state_class, state_value, version) VALUES (44744, 'us.freeandfair.corla.asm.CountyDashboardASM', '32', 'us.freeandfair.corla.asm.ASMState$CountyDashboardState', 'COUNTY_INITIAL_STATE', 0);
INSERT INTO public.asm_state (id, asm_class, asm_identity, state_class, state_value, version) VALUES (44745, 'us.freeandfair.corla.asm.AuditBoardDashboardASM', '32', 'us.freeandfair.corla.asm.ASMState$AuditBoardDashboardState', 'AUDIT_INITIAL_STATE', 0);
INSERT INTO public.asm_state (id, asm_class, asm_identity, state_class, state_value, version) VALUES (44746, 'us.freeandfair.corla.asm.CountyDashboardASM', '33', 'us.freeandfair.corla.asm.ASMState$CountyDashboardState', 'COUNTY_INITIAL_STATE', 0);
INSERT INTO public.asm_state (id, asm_class, asm_identity, state_class, state_value, version) VALUES (44747, 'us.freeandfair.corla.asm.AuditBoardDashboardASM', '33', 'us.freeandfair.corla.asm.ASMState$AuditBoardDashboardState', 'AUDIT_INITIAL_STATE', 0);
INSERT INTO public.asm_state (id, asm_class, asm_identity, state_class, state_value, version) VALUES (44748, 'us.freeandfair.corla.asm.CountyDashboardASM', '34', 'us.freeandfair.corla.asm.ASMState$CountyDashboardState', 'COUNTY_INITIAL_STATE', 0);
INSERT INTO public.asm_state (id, asm_class, asm_identity, state_class, state_value, version) VALUES (44749, 'us.freeandfair.corla.asm.AuditBoardDashboardASM', '34', 'us.freeandfair.corla.asm.ASMState$AuditBoardDashboardState', 'AUDIT_INITIAL_STATE', 0);
INSERT INTO public.asm_state (id, asm_class, asm_identity, state_class, state_value, version) VALUES (44750, 'us.freeandfair.corla.asm.CountyDashboardASM', '35', 'us.freeandfair.corla.asm.ASMState$CountyDashboardState', 'COUNTY_INITIAL_STATE', 0);
INSERT INTO public.asm_state (id, asm_class, asm_identity, state_class, state_value, version) VALUES (44751, 'us.freeandfair.corla.asm.AuditBoardDashboardASM', '35', 'us.freeandfair.corla.asm.ASMState$AuditBoardDashboardState', 'AUDIT_INITIAL_STATE', 0);
INSERT INTO public.asm_state (id, asm_class, asm_identity, state_class, state_value, version) VALUES (44752, 'us.freeandfair.corla.asm.CountyDashboardASM', '36', 'us.freeandfair.corla.asm.ASMState$CountyDashboardState', 'COUNTY_INITIAL_STATE', 0);
INSERT INTO public.asm_state (id, asm_class, asm_identity, state_class, state_value, version) VALUES (44753, 'us.freeandfair.corla.asm.AuditBoardDashboardASM', '36', 'us.freeandfair.corla.asm.ASMState$AuditBoardDashboardState', 'AUDIT_INITIAL_STATE', 0);
INSERT INTO public.asm_state (id, asm_class, asm_identity, state_class, state_value, version) VALUES (44754, 'us.freeandfair.corla.asm.CountyDashboardASM', '37', 'us.freeandfair.corla.asm.ASMState$CountyDashboardState', 'COUNTY_INITIAL_STATE', 0);
INSERT INTO public.asm_state (id, asm_class, asm_identity, state_class, state_value, version) VALUES (44755, 'us.freeandfair.corla.asm.AuditBoardDashboardASM', '37', 'us.freeandfair.corla.asm.ASMState$AuditBoardDashboardState', 'AUDIT_INITIAL_STATE', 0);
INSERT INTO public.asm_state (id, asm_class, asm_identity, state_class, state_value, version) VALUES (44756, 'us.freeandfair.corla.asm.CountyDashboardASM', '38', 'us.freeandfair.corla.asm.ASMState$CountyDashboardState', 'COUNTY_INITIAL_STATE', 0);
INSERT INTO public.asm_state (id, asm_class, asm_identity, state_class, state_value, version) VALUES (44757, 'us.freeandfair.corla.asm.AuditBoardDashboardASM', '38', 'us.freeandfair.corla.asm.ASMState$AuditBoardDashboardState', 'AUDIT_INITIAL_STATE', 0);
INSERT INTO public.asm_state (id, asm_class, asm_identity, state_class, state_value, version) VALUES (44758, 'us.freeandfair.corla.asm.CountyDashboardASM', '39', 'us.freeandfair.corla.asm.ASMState$CountyDashboardState', 'COUNTY_INITIAL_STATE', 0);
INSERT INTO public.asm_state (id, asm_class, asm_identity, state_class, state_value, version) VALUES (44759, 'us.freeandfair.corla.asm.AuditBoardDashboardASM', '39', 'us.freeandfair.corla.asm.ASMState$AuditBoardDashboardState', 'AUDIT_INITIAL_STATE', 0);
INSERT INTO public.asm_state (id, asm_class, asm_identity, state_class, state_value, version) VALUES (44760, 'us.freeandfair.corla.asm.CountyDashboardASM', '40', 'us.freeandfair.corla.asm.ASMState$CountyDashboardState', 'COUNTY_INITIAL_STATE', 0);
INSERT INTO public.asm_state (id, asm_class, asm_identity, state_class, state_value, version) VALUES (44761, 'us.freeandfair.corla.asm.AuditBoardDashboardASM', '40', 'us.freeandfair.corla.asm.ASMState$AuditBoardDashboardState', 'AUDIT_INITIAL_STATE', 0);
INSERT INTO public.asm_state (id, asm_class, asm_identity, state_class, state_value, version) VALUES (44762, 'us.freeandfair.corla.asm.CountyDashboardASM', '41', 'us.freeandfair.corla.asm.ASMState$CountyDashboardState', 'COUNTY_INITIAL_STATE', 0);
INSERT INTO public.asm_state (id, asm_class, asm_identity, state_class, state_value, version) VALUES (44763, 'us.freeandfair.corla.asm.AuditBoardDashboardASM', '41', 'us.freeandfair.corla.asm.ASMState$AuditBoardDashboardState', 'AUDIT_INITIAL_STATE', 0);
INSERT INTO public.asm_state (id, asm_class, asm_identity, state_class, state_value, version) VALUES (44764, 'us.freeandfair.corla.asm.CountyDashboardASM', '42', 'us.freeandfair.corla.asm.ASMState$CountyDashboardState', 'COUNTY_INITIAL_STATE', 0);
INSERT INTO public.asm_state (id, asm_class, asm_identity, state_class, state_value, version) VALUES (44765, 'us.freeandfair.corla.asm.AuditBoardDashboardASM', '42', 'us.freeandfair.corla.asm.ASMState$AuditBoardDashboardState', 'AUDIT_INITIAL_STATE', 0);
INSERT INTO public.asm_state (id, asm_class, asm_identity, state_class, state_value, version) VALUES (44766, 'us.freeandfair.corla.asm.CountyDashboardASM', '43', 'us.freeandfair.corla.asm.ASMState$CountyDashboardState', 'COUNTY_INITIAL_STATE', 0);
INSERT INTO public.asm_state (id, asm_class, asm_identity, state_class, state_value, version) VALUES (44767, 'us.freeandfair.corla.asm.AuditBoardDashboardASM', '43', 'us.freeandfair.corla.asm.ASMState$AuditBoardDashboardState', 'AUDIT_INITIAL_STATE', 0);

INSERT INTO county (id, name) VALUES (44, 'Morgan');
INSERT INTO county (id, name) VALUES (45, 'Otero');
INSERT INTO county (id, name) VALUES (46, 'Ouray');
INSERT INTO county (id, name) VALUES (47, 'Park');
INSERT INTO county (id, name) VALUES (48, 'Phillips');
INSERT INTO county (id, name) VALUES (49, 'Pitkin');
INSERT INTO county (id, name) VALUES (50, 'Prowers');
INSERT INTO county (id, name) VALUES (51, 'Pueblo');
INSERT INTO county (id, name) VALUES (52, 'Rio Blanco');
INSERT INTO county (id, name) VALUES (53, 'Rio Grande');
INSERT INTO county (id, name) VALUES (10, 'Clear Creek');
INSERT INTO county (id, name) VALUES (54, 'Routt');
INSERT INTO county (id, name) VALUES (11, 'Conejos');
INSERT INTO county (id, name) VALUES (55, 'Saguache');
INSERT INTO county (id, name) VALUES (12, 'Costilla');
INSERT INTO county (id, name) VALUES (56, 'San Juan');
INSERT INTO county (id, name) VALUES (13, 'Crowley');
INSERT INTO county (id, name) VALUES (57, 'San Miguel');
INSERT INTO county (id, name) VALUES (14, 'Custer');
INSERT INTO county (id, name) VALUES (58, 'Sedgwick');
INSERT INTO county (id, name) VALUES (15, 'Delta');
INSERT INTO county (id, name) VALUES (59, 'Summit');
INSERT INTO county (id, name) VALUES (16, 'Denver');
INSERT INTO county (id, name) VALUES (17, 'Dolores');
INSERT INTO county (id, name) VALUES (18, 'Douglas');
INSERT INTO county (id, name) VALUES (19, 'Eagle');
INSERT INTO county (id, name) VALUES (1, 'Adams');
INSERT INTO county (id, name) VALUES (2, 'Alamosa');
INSERT INTO county (id, name) VALUES (3, 'Arapahoe');
INSERT INTO county (id, name) VALUES (4, 'Archuleta');
INSERT INTO county (id, name) VALUES (5, 'Baca');
INSERT INTO county (id, name) VALUES (6, 'Bent');
INSERT INTO county (id, name) VALUES (7, 'Boulder');
INSERT INTO county (id, name) VALUES (8, 'Chaffee');
INSERT INTO county (id, name) VALUES (9, 'Cheyenne');
INSERT INTO county (id, name) VALUES (60, 'Teller');
INSERT INTO county (id, name) VALUES (61, 'Washington');
INSERT INTO county (id, name) VALUES (62, 'Weld');
INSERT INTO county (id, name) VALUES (63, 'Yuma');
INSERT INTO county (id, name) VALUES (20, 'Elbert');
INSERT INTO county (id, name) VALUES (64, 'Broomfield');
INSERT INTO county (id, name) VALUES (21, 'El Paso');
INSERT INTO county (id, name) VALUES (22, 'Fremont');
INSERT INTO county (id, name) VALUES (23, 'Garfield');
INSERT INTO county (id, name) VALUES (24, 'Gilpin');
INSERT INTO county (id, name) VALUES (25, 'Grand');
INSERT INTO county (id, name) VALUES (26, 'Gunnison');
INSERT INTO county (id, name) VALUES (27, 'Hinsdale');
INSERT INTO county (id, name) VALUES (28, 'Huerfano');
INSERT INTO county (id, name) VALUES (29, 'Jackson');
INSERT INTO county (id, name) VALUES (30, 'Jefferson');
INSERT INTO county (id, name) VALUES (31, 'Kiowa');
INSERT INTO county (id, name) VALUES (32, 'Kit Carson');
INSERT INTO county (id, name) VALUES (33, 'Lake');
INSERT INTO county (id, name) VALUES (34, 'La Plata');
INSERT INTO county (id, name) VALUES (35, 'Larimer');
INSERT INTO county (id, name) VALUES (36, 'Las Animas');
INSERT INTO county (id, name) VALUES (37, 'Lincoln');
INSERT INTO county (id, name) VALUES (38, 'Logan');
INSERT INTO county (id, name) VALUES (39, 'Mesa');
INSERT INTO county (id, name) VALUES (40, 'Mineral');
INSERT INTO county (id, name) VALUES (41, 'Moffat');
INSERT INTO county (id, name) VALUES (42, 'Montezuma');
INSERT INTO county (id, name) VALUES (43, 'Montrose');


--
-- Data for Name: county_dashboard; Type: TABLE DATA; Schema: public; Owner: corlaadmin
--

INSERT INTO public.county_dashboard (id, audit_board_count, driving_contests, audit_timestamp, audited_prefix_length, audited_sample_count, ballots_audited, ballots_in_manifest, current_round_index, cvr_import_error_message, cvr_import_state, cvr_import_timestamp, cvrs_imported, disagreements, discrepancies, version, county_id, cvr_file_id, manifest_file_id) VALUES (44, NULL, '[]', NULL, NULL, NULL, 0, 0, NULL, NULL, 'NOT_ATTEMPTED', '2024-06-05 16:10:01.872368', 0, '{}', '{}', 0, 44, NULL, NULL);
INSERT INTO public.county_dashboard (id, audit_board_count, driving_contests, audit_timestamp, audited_prefix_length, audited_sample_count, ballots_audited, ballots_in_manifest, current_round_index, cvr_import_error_message, cvr_import_state, cvr_import_timestamp, cvrs_imported, disagreements, discrepancies, version, county_id, cvr_file_id, manifest_file_id) VALUES (45, NULL, '[]', NULL, NULL, NULL, 0, 0, NULL, NULL, 'NOT_ATTEMPTED', '2024-06-05 16:10:01.882501', 0, '{}', '{}', 0, 45, NULL, NULL);
INSERT INTO public.county_dashboard (id, audit_board_count, driving_contests, audit_timestamp, audited_prefix_length, audited_sample_count, ballots_audited, ballots_in_manifest, current_round_index, cvr_import_error_message, cvr_import_state, cvr_import_timestamp, cvrs_imported, disagreements, discrepancies, version, county_id, cvr_file_id, manifest_file_id) VALUES (46, NULL, '[]', NULL, NULL, NULL, 0, 0, NULL, NULL, 'NOT_ATTEMPTED', '2024-06-05 16:10:01.888767', 0, '{}', '{}', 0, 46, NULL, NULL);
INSERT INTO public.county_dashboard (id, audit_board_count, driving_contests, audit_timestamp, audited_prefix_length, audited_sample_count, ballots_audited, ballots_in_manifest, current_round_index, cvr_import_error_message, cvr_import_state, cvr_import_timestamp, cvrs_imported, disagreements, discrepancies, version, county_id, cvr_file_id, manifest_file_id) VALUES (47, NULL, '[]', NULL, NULL, NULL, 0, 0, NULL, NULL, 'NOT_ATTEMPTED', '2024-06-05 16:10:01.894559', 0, '{}', '{}', 0, 47, NULL, NULL);
INSERT INTO public.county_dashboard (id, audit_board_count, driving_contests, audit_timestamp, audited_prefix_length, audited_sample_count, ballots_audited, ballots_in_manifest, current_round_index, cvr_import_error_message, cvr_import_state, cvr_import_timestamp, cvrs_imported, disagreements, discrepancies, version, county_id, cvr_file_id, manifest_file_id) VALUES (48, NULL, '[]', NULL, NULL, NULL, 0, 0, NULL, NULL, 'NOT_ATTEMPTED', '2024-06-05 16:10:01.900234', 0, '{}', '{}', 0, 48, NULL, NULL);
INSERT INTO public.county_dashboard (id, audit_board_count, driving_contests, audit_timestamp, audited_prefix_length, audited_sample_count, ballots_audited, ballots_in_manifest, current_round_index, cvr_import_error_message, cvr_import_state, cvr_import_timestamp, cvrs_imported, disagreements, discrepancies, version, county_id, cvr_file_id, manifest_file_id) VALUES (49, NULL, '[]', NULL, NULL, NULL, 0, 0, NULL, NULL, 'NOT_ATTEMPTED', '2024-06-05 16:10:01.905729', 0, '{}', '{}', 0, 49, NULL, NULL);
INSERT INTO public.county_dashboard (id, audit_board_count, driving_contests, audit_timestamp, audited_prefix_length, audited_sample_count, ballots_audited, ballots_in_manifest, current_round_index, cvr_import_error_message, cvr_import_state, cvr_import_timestamp, cvrs_imported, disagreements, discrepancies, version, county_id, cvr_file_id, manifest_file_id) VALUES (50, NULL, '[]', NULL, NULL, NULL, 0, 0, NULL, NULL, 'NOT_ATTEMPTED', '2024-06-05 16:10:01.911399', 0, '{}', '{}', 0, 50, NULL, NULL);
INSERT INTO public.county_dashboard (id, audit_board_count, driving_contests, audit_timestamp, audited_prefix_length, audited_sample_count, ballots_audited, ballots_in_manifest, current_round_index, cvr_import_error_message, cvr_import_state, cvr_import_timestamp, cvrs_imported, disagreements, discrepancies, version, county_id, cvr_file_id, manifest_file_id) VALUES (51, NULL, '[]', NULL, NULL, NULL, 0, 0, NULL, NULL, 'NOT_ATTEMPTED', '2024-06-05 16:10:01.916735', 0, '{}', '{}', 0, 51, NULL, NULL);
INSERT INTO public.county_dashboard (id, audit_board_count, driving_contests, audit_timestamp, audited_prefix_length, audited_sample_count, ballots_audited, ballots_in_manifest, current_round_index, cvr_import_error_message, cvr_import_state, cvr_import_timestamp, cvrs_imported, disagreements, discrepancies, version, county_id, cvr_file_id, manifest_file_id) VALUES (52, NULL, '[]', NULL, NULL, NULL, 0, 0, NULL, NULL, 'NOT_ATTEMPTED', '2024-06-05 16:10:01.922152', 0, '{}', '{}', 0, 52, NULL, NULL);
INSERT INTO public.county_dashboard (id, audit_board_count, driving_contests, audit_timestamp, audited_prefix_length, audited_sample_count, ballots_audited, ballots_in_manifest, current_round_index, cvr_import_error_message, cvr_import_state, cvr_import_timestamp, cvrs_imported, disagreements, discrepancies, version, county_id, cvr_file_id, manifest_file_id) VALUES (53, NULL, '[]', NULL, NULL, NULL, 0, 0, NULL, NULL, 'NOT_ATTEMPTED', '2024-06-05 16:10:01.927412', 0, '{}', '{}', 0, 53, NULL, NULL);
INSERT INTO public.county_dashboard (id, audit_board_count, driving_contests, audit_timestamp, audited_prefix_length, audited_sample_count, ballots_audited, ballots_in_manifest, current_round_index, cvr_import_error_message, cvr_import_state, cvr_import_timestamp, cvrs_imported, disagreements, discrepancies, version, county_id, cvr_file_id, manifest_file_id) VALUES (10, NULL, '[]', NULL, NULL, NULL, 0, 0, NULL, NULL, 'NOT_ATTEMPTED', '2024-06-05 16:10:01.93256', 0, '{}', '{}', 0, 10, NULL, NULL);
INSERT INTO public.county_dashboard (id, audit_board_count, driving_contests, audit_timestamp, audited_prefix_length, audited_sample_count, ballots_audited, ballots_in_manifest, current_round_index, cvr_import_error_message, cvr_import_state, cvr_import_timestamp, cvrs_imported, disagreements, discrepancies, version, county_id, cvr_file_id, manifest_file_id) VALUES (54, NULL, '[]', NULL, NULL, NULL, 0, 0, NULL, NULL, 'NOT_ATTEMPTED', '2024-06-05 16:10:01.937945', 0, '{}', '{}', 0, 54, NULL, NULL);
INSERT INTO public.county_dashboard (id, audit_board_count, driving_contests, audit_timestamp, audited_prefix_length, audited_sample_count, ballots_audited, ballots_in_manifest, current_round_index, cvr_import_error_message, cvr_import_state, cvr_import_timestamp, cvrs_imported, disagreements, discrepancies, version, county_id, cvr_file_id, manifest_file_id) VALUES (11, NULL, '[]', NULL, NULL, NULL, 0, 0, NULL, NULL, 'NOT_ATTEMPTED', '2024-06-05 16:10:01.943517', 0, '{}', '{}', 0, 11, NULL, NULL);
INSERT INTO public.county_dashboard (id, audit_board_count, driving_contests, audit_timestamp, audited_prefix_length, audited_sample_count, ballots_audited, ballots_in_manifest, current_round_index, cvr_import_error_message, cvr_import_state, cvr_import_timestamp, cvrs_imported, disagreements, discrepancies, version, county_id, cvr_file_id, manifest_file_id) VALUES (55, NULL, '[]', NULL, NULL, NULL, 0, 0, NULL, NULL, 'NOT_ATTEMPTED', '2024-06-05 16:10:01.948438', 0, '{}', '{}', 0, 55, NULL, NULL);
INSERT INTO public.county_dashboard (id, audit_board_count, driving_contests, audit_timestamp, audited_prefix_length, audited_sample_count, ballots_audited, ballots_in_manifest, current_round_index, cvr_import_error_message, cvr_import_state, cvr_import_timestamp, cvrs_imported, disagreements, discrepancies, version, county_id, cvr_file_id, manifest_file_id) VALUES (12, NULL, '[]', NULL, NULL, NULL, 0, 0, NULL, NULL, 'NOT_ATTEMPTED', '2024-06-05 16:10:01.953269', 0, '{}', '{}', 0, 12, NULL, NULL);
INSERT INTO public.county_dashboard (id, audit_board_count, driving_contests, audit_timestamp, audited_prefix_length, audited_sample_count, ballots_audited, ballots_in_manifest, current_round_index, cvr_import_error_message, cvr_import_state, cvr_import_timestamp, cvrs_imported, disagreements, discrepancies, version, county_id, cvr_file_id, manifest_file_id) VALUES (56, NULL, '[]', NULL, NULL, NULL, 0, 0, NULL, NULL, 'NOT_ATTEMPTED', '2024-06-05 16:10:01.957856', 0, '{}', '{}', 0, 56, NULL, NULL);
INSERT INTO public.county_dashboard (id, audit_board_count, driving_contests, audit_timestamp, audited_prefix_length, audited_sample_count, ballots_audited, ballots_in_manifest, current_round_index, cvr_import_error_message, cvr_import_state, cvr_import_timestamp, cvrs_imported, disagreements, discrepancies, version, county_id, cvr_file_id, manifest_file_id) VALUES (13, NULL, '[]', NULL, NULL, NULL, 0, 0, NULL, NULL, 'NOT_ATTEMPTED', '2024-06-05 16:10:01.962357', 0, '{}', '{}', 0, 13, NULL, NULL);
INSERT INTO public.county_dashboard (id, audit_board_count, driving_contests, audit_timestamp, audited_prefix_length, audited_sample_count, ballots_audited, ballots_in_manifest, current_round_index, cvr_import_error_message, cvr_import_state, cvr_import_timestamp, cvrs_imported, disagreements, discrepancies, version, county_id, cvr_file_id, manifest_file_id) VALUES (57, NULL, '[]', NULL, NULL, NULL, 0, 0, NULL, NULL, 'NOT_ATTEMPTED', '2024-06-05 16:10:01.96651', 0, '{}', '{}', 0, 57, NULL, NULL);
INSERT INTO public.county_dashboard (id, audit_board_count, driving_contests, audit_timestamp, audited_prefix_length, audited_sample_count, ballots_audited, ballots_in_manifest, current_round_index, cvr_import_error_message, cvr_import_state, cvr_import_timestamp, cvrs_imported, disagreements, discrepancies, version, county_id, cvr_file_id, manifest_file_id) VALUES (14, NULL, '[]', NULL, NULL, NULL, 0, 0, NULL, NULL, 'NOT_ATTEMPTED', '2024-06-05 16:10:01.970294', 0, '{}', '{}', 0, 14, NULL, NULL);
INSERT INTO public.county_dashboard (id, audit_board_count, driving_contests, audit_timestamp, audited_prefix_length, audited_sample_count, ballots_audited, ballots_in_manifest, current_round_index, cvr_import_error_message, cvr_import_state, cvr_import_timestamp, cvrs_imported, disagreements, discrepancies, version, county_id, cvr_file_id, manifest_file_id) VALUES (58, NULL, '[]', NULL, NULL, NULL, 0, 0, NULL, NULL, 'NOT_ATTEMPTED', '2024-06-05 16:10:01.974075', 0, '{}', '{}', 0, 58, NULL, NULL);
INSERT INTO public.county_dashboard (id, audit_board_count, driving_contests, audit_timestamp, audited_prefix_length, audited_sample_count, ballots_audited, ballots_in_manifest, current_round_index, cvr_import_error_message, cvr_import_state, cvr_import_timestamp, cvrs_imported, disagreements, discrepancies, version, county_id, cvr_file_id, manifest_file_id) VALUES (15, NULL, '[]', NULL, NULL, NULL, 0, 0, NULL, NULL, 'NOT_ATTEMPTED', '2024-06-05 16:10:01.978389', 0, '{}', '{}', 0, 15, NULL, NULL);
INSERT INTO public.county_dashboard (id, audit_board_count, driving_contests, audit_timestamp, audited_prefix_length, audited_sample_count, ballots_audited, ballots_in_manifest, current_round_index, cvr_import_error_message, cvr_import_state, cvr_import_timestamp, cvrs_imported, disagreements, discrepancies, version, county_id, cvr_file_id, manifest_file_id) VALUES (59, NULL, '[]', NULL, NULL, NULL, 0, 0, NULL, NULL, 'NOT_ATTEMPTED', '2024-06-05 16:10:01.982609', 0, '{}', '{}', 0, 59, NULL, NULL);
INSERT INTO public.county_dashboard (id, audit_board_count, driving_contests, audit_timestamp, audited_prefix_length, audited_sample_count, ballots_audited, ballots_in_manifest, current_round_index, cvr_import_error_message, cvr_import_state, cvr_import_timestamp, cvrs_imported, disagreements, discrepancies, version, county_id, cvr_file_id, manifest_file_id) VALUES (16, NULL, '[]', NULL, NULL, NULL, 0, 0, NULL, NULL, 'NOT_ATTEMPTED', '2024-06-05 16:10:01.9864', 0, '{}', '{}', 0, 16, NULL, NULL);
INSERT INTO public.county_dashboard (id, audit_board_count, driving_contests, audit_timestamp, audited_prefix_length, audited_sample_count, ballots_audited, ballots_in_manifest, current_round_index, cvr_import_error_message, cvr_import_state, cvr_import_timestamp, cvrs_imported, disagreements, discrepancies, version, county_id, cvr_file_id, manifest_file_id) VALUES (17, NULL, '[]', NULL, NULL, NULL, 0, 0, NULL, NULL, 'NOT_ATTEMPTED', '2024-06-05 16:10:01.990747', 0, '{}', '{}', 0, 17, NULL, NULL);
INSERT INTO public.county_dashboard (id, audit_board_count, driving_contests, audit_timestamp, audited_prefix_length, audited_sample_count, ballots_audited, ballots_in_manifest, current_round_index, cvr_import_error_message, cvr_import_state, cvr_import_timestamp, cvrs_imported, disagreements, discrepancies, version, county_id, cvr_file_id, manifest_file_id) VALUES (18, NULL, '[]', NULL, NULL, NULL, 0, 0, NULL, NULL, 'NOT_ATTEMPTED', '2024-06-05 16:10:01.994852', 0, '{}', '{}', 0, 18, NULL, NULL);
INSERT INTO public.county_dashboard (id, audit_board_count, driving_contests, audit_timestamp, audited_prefix_length, audited_sample_count, ballots_audited, ballots_in_manifest, current_round_index, cvr_import_error_message, cvr_import_state, cvr_import_timestamp, cvrs_imported, disagreements, discrepancies, version, county_id, cvr_file_id, manifest_file_id) VALUES (19, NULL, '[]', NULL, NULL, NULL, 0, 0, NULL, NULL, 'NOT_ATTEMPTED', '2024-06-05 16:10:01.998974', 0, '{}', '{}', 0, 19, NULL, NULL);
INSERT INTO public.county_dashboard (id, audit_board_count, driving_contests, audit_timestamp, audited_prefix_length, audited_sample_count, ballots_audited, ballots_in_manifest, current_round_index, cvr_import_error_message, cvr_import_state, cvr_import_timestamp, cvrs_imported, disagreements, discrepancies, version, county_id, cvr_file_id, manifest_file_id) VALUES (1, NULL, '[]', NULL, NULL, NULL, 0, 0, NULL, NULL, 'NOT_ATTEMPTED', '2024-06-05 16:10:02.003174', 0, '{}', '{}', 0, 1, NULL, NULL);
INSERT INTO public.county_dashboard (id, audit_board_count, driving_contests, audit_timestamp, audited_prefix_length, audited_sample_count, ballots_audited, ballots_in_manifest, current_round_index, cvr_import_error_message, cvr_import_state, cvr_import_timestamp, cvrs_imported, disagreements, discrepancies, version, county_id, cvr_file_id, manifest_file_id) VALUES (2, NULL, '[]', NULL, NULL, NULL, 0, 0, NULL, NULL, 'NOT_ATTEMPTED', '2024-06-05 16:10:02.007701', 0, '{}', '{}', 0, 2, NULL, NULL);
INSERT INTO public.county_dashboard (id, audit_board_count, driving_contests, audit_timestamp, audited_prefix_length, audited_sample_count, ballots_audited, ballots_in_manifest, current_round_index, cvr_import_error_message, cvr_import_state, cvr_import_timestamp, cvrs_imported, disagreements, discrepancies, version, county_id, cvr_file_id, manifest_file_id) VALUES (3, NULL, '[]', NULL, NULL, NULL, 0, 0, NULL, NULL, 'NOT_ATTEMPTED', '2024-06-05 16:10:02.011965', 0, '{}', '{}', 0, 3, NULL, NULL);
INSERT INTO public.county_dashboard (id, audit_board_count, driving_contests, audit_timestamp, audited_prefix_length, audited_sample_count, ballots_audited, ballots_in_manifest, current_round_index, cvr_import_error_message, cvr_import_state, cvr_import_timestamp, cvrs_imported, disagreements, discrepancies, version, county_id, cvr_file_id, manifest_file_id) VALUES (4, NULL, '[]', NULL, NULL, NULL, 0, 0, NULL, NULL, 'NOT_ATTEMPTED', '2024-06-05 16:10:02.016309', 0, '{}', '{}', 0, 4, NULL, NULL);
INSERT INTO public.county_dashboard (id, audit_board_count, driving_contests, audit_timestamp, audited_prefix_length, audited_sample_count, ballots_audited, ballots_in_manifest, current_round_index, cvr_import_error_message, cvr_import_state, cvr_import_timestamp, cvrs_imported, disagreements, discrepancies, version, county_id, cvr_file_id, manifest_file_id) VALUES (5, NULL, '[]', NULL, NULL, NULL, 0, 0, NULL, NULL, 'NOT_ATTEMPTED', '2024-06-05 16:10:02.020429', 0, '{}', '{}', 0, 5, NULL, NULL);
INSERT INTO public.county_dashboard (id, audit_board_count, driving_contests, audit_timestamp, audited_prefix_length, audited_sample_count, ballots_audited, ballots_in_manifest, current_round_index, cvr_import_error_message, cvr_import_state, cvr_import_timestamp, cvrs_imported, disagreements, discrepancies, version, county_id, cvr_file_id, manifest_file_id) VALUES (6, NULL, '[]', NULL, NULL, NULL, 0, 0, NULL, NULL, 'NOT_ATTEMPTED', '2024-06-05 16:10:02.025741', 0, '{}', '{}', 0, 6, NULL, NULL);
INSERT INTO public.county_dashboard (id, audit_board_count, driving_contests, audit_timestamp, audited_prefix_length, audited_sample_count, ballots_audited, ballots_in_manifest, current_round_index, cvr_import_error_message, cvr_import_state, cvr_import_timestamp, cvrs_imported, disagreements, discrepancies, version, county_id, cvr_file_id, manifest_file_id) VALUES (7, NULL, '[]', NULL, NULL, NULL, 0, 0, NULL, NULL, 'NOT_ATTEMPTED', '2024-06-05 16:10:02.029951', 0, '{}', '{}', 0, 7, NULL, NULL);
INSERT INTO public.county_dashboard (id, audit_board_count, driving_contests, audit_timestamp, audited_prefix_length, audited_sample_count, ballots_audited, ballots_in_manifest, current_round_index, cvr_import_error_message, cvr_import_state, cvr_import_timestamp, cvrs_imported, disagreements, discrepancies, version, county_id, cvr_file_id, manifest_file_id) VALUES (8, NULL, '[]', NULL, NULL, NULL, 0, 0, NULL, NULL, 'NOT_ATTEMPTED', '2024-06-05 16:10:02.034429', 0, '{}', '{}', 0, 8, NULL, NULL);
INSERT INTO public.county_dashboard (id, audit_board_count, driving_contests, audit_timestamp, audited_prefix_length, audited_sample_count, ballots_audited, ballots_in_manifest, current_round_index, cvr_import_error_message, cvr_import_state, cvr_import_timestamp, cvrs_imported, disagreements, discrepancies, version, county_id, cvr_file_id, manifest_file_id) VALUES (9, NULL, '[]', NULL, NULL, NULL, 0, 0, NULL, NULL, 'NOT_ATTEMPTED', '2024-06-05 16:10:02.038766', 0, '{}', '{}', 0, 9, NULL, NULL);
INSERT INTO public.county_dashboard (id, audit_board_count, driving_contests, audit_timestamp, audited_prefix_length, audited_sample_count, ballots_audited, ballots_in_manifest, current_round_index, cvr_import_error_message, cvr_import_state, cvr_import_timestamp, cvrs_imported, disagreements, discrepancies, version, county_id, cvr_file_id, manifest_file_id) VALUES (60, NULL, '[]', NULL, NULL, NULL, 0, 0, NULL, NULL, 'NOT_ATTEMPTED', '2024-06-05 16:10:02.042957', 0, '{}', '{}', 0, 60, NULL, NULL);
INSERT INTO public.county_dashboard (id, audit_board_count, driving_contests, audit_timestamp, audited_prefix_length, audited_sample_count, ballots_audited, ballots_in_manifest, current_round_index, cvr_import_error_message, cvr_import_state, cvr_import_timestamp, cvrs_imported, disagreements, discrepancies, version, county_id, cvr_file_id, manifest_file_id) VALUES (61, NULL, '[]', NULL, NULL, NULL, 0, 0, NULL, NULL, 'NOT_ATTEMPTED', '2024-06-05 16:10:02.047306', 0, '{}', '{}', 0, 61, NULL, NULL);
INSERT INTO public.county_dashboard (id, audit_board_count, driving_contests, audit_timestamp, audited_prefix_length, audited_sample_count, ballots_audited, ballots_in_manifest, current_round_index, cvr_import_error_message, cvr_import_state, cvr_import_timestamp, cvrs_imported, disagreements, discrepancies, version, county_id, cvr_file_id, manifest_file_id) VALUES (62, NULL, '[]', NULL, NULL, NULL, 0, 0, NULL, NULL, 'NOT_ATTEMPTED', '2024-06-05 16:10:02.051943', 0, '{}', '{}', 0, 62, NULL, NULL);
INSERT INTO public.county_dashboard (id, audit_board_count, driving_contests, audit_timestamp, audited_prefix_length, audited_sample_count, ballots_audited, ballots_in_manifest, current_round_index, cvr_import_error_message, cvr_import_state, cvr_import_timestamp, cvrs_imported, disagreements, discrepancies, version, county_id, cvr_file_id, manifest_file_id) VALUES (63, NULL, '[]', NULL, NULL, NULL, 0, 0, NULL, NULL, 'NOT_ATTEMPTED', '2024-06-05 16:10:02.056411', 0, '{}', '{}', 0, 63, NULL, NULL);
INSERT INTO public.county_dashboard (id, audit_board_count, driving_contests, audit_timestamp, audited_prefix_length, audited_sample_count, ballots_audited, ballots_in_manifest, current_round_index, cvr_import_error_message, cvr_import_state, cvr_import_timestamp, cvrs_imported, disagreements, discrepancies, version, county_id, cvr_file_id, manifest_file_id) VALUES (20, NULL, '[]', NULL, NULL, NULL, 0, 0, NULL, NULL, 'NOT_ATTEMPTED', '2024-06-05 16:10:02.060835', 0, '{}', '{}', 0, 20, NULL, NULL);
INSERT INTO public.county_dashboard (id, audit_board_count, driving_contests, audit_timestamp, audited_prefix_length, audited_sample_count, ballots_audited, ballots_in_manifest, current_round_index, cvr_import_error_message, cvr_import_state, cvr_import_timestamp, cvrs_imported, disagreements, discrepancies, version, county_id, cvr_file_id, manifest_file_id) VALUES (64, NULL, '[]', NULL, NULL, NULL, 0, 0, NULL, NULL, 'NOT_ATTEMPTED', '2024-06-05 16:10:02.064731', 0, '{}', '{}', 0, 64, NULL, NULL);
INSERT INTO public.county_dashboard (id, audit_board_count, driving_contests, audit_timestamp, audited_prefix_length, audited_sample_count, ballots_audited, ballots_in_manifest, current_round_index, cvr_import_error_message, cvr_import_state, cvr_import_timestamp, cvrs_imported, disagreements, discrepancies, version, county_id, cvr_file_id, manifest_file_id) VALUES (21, NULL, '[]', NULL, NULL, NULL, 0, 0, NULL, NULL, 'NOT_ATTEMPTED', '2024-06-05 16:10:02.068753', 0, '{}', '{}', 0, 21, NULL, NULL);
INSERT INTO public.county_dashboard (id, audit_board_count, driving_contests, audit_timestamp, audited_prefix_length, audited_sample_count, ballots_audited, ballots_in_manifest, current_round_index, cvr_import_error_message, cvr_import_state, cvr_import_timestamp, cvrs_imported, disagreements, discrepancies, version, county_id, cvr_file_id, manifest_file_id) VALUES (22, NULL, '[]', NULL, NULL, NULL, 0, 0, NULL, NULL, 'NOT_ATTEMPTED', '2024-06-05 16:10:02.073424', 0, '{}', '{}', 0, 22, NULL, NULL);
INSERT INTO public.county_dashboard (id, audit_board_count, driving_contests, audit_timestamp, audited_prefix_length, audited_sample_count, ballots_audited, ballots_in_manifest, current_round_index, cvr_import_error_message, cvr_import_state, cvr_import_timestamp, cvrs_imported, disagreements, discrepancies, version, county_id, cvr_file_id, manifest_file_id) VALUES (23, NULL, '[]', NULL, NULL, NULL, 0, 0, NULL, NULL, 'NOT_ATTEMPTED', '2024-06-05 16:10:02.078047', 0, '{}', '{}', 0, 23, NULL, NULL);
INSERT INTO public.county_dashboard (id, audit_board_count, driving_contests, audit_timestamp, audited_prefix_length, audited_sample_count, ballots_audited, ballots_in_manifest, current_round_index, cvr_import_error_message, cvr_import_state, cvr_import_timestamp, cvrs_imported, disagreements, discrepancies, version, county_id, cvr_file_id, manifest_file_id) VALUES (24, NULL, '[]', NULL, NULL, NULL, 0, 0, NULL, NULL, 'NOT_ATTEMPTED', '2024-06-05 16:10:02.082284', 0, '{}', '{}', 0, 24, NULL, NULL);
INSERT INTO public.county_dashboard (id, audit_board_count, driving_contests, audit_timestamp, audited_prefix_length, audited_sample_count, ballots_audited, ballots_in_manifest, current_round_index, cvr_import_error_message, cvr_import_state, cvr_import_timestamp, cvrs_imported, disagreements, discrepancies, version, county_id, cvr_file_id, manifest_file_id) VALUES (25, NULL, '[]', NULL, NULL, NULL, 0, 0, NULL, NULL, 'NOT_ATTEMPTED', '2024-06-05 16:10:02.08637', 0, '{}', '{}', 0, 25, NULL, NULL);
INSERT INTO public.county_dashboard (id, audit_board_count, driving_contests, audit_timestamp, audited_prefix_length, audited_sample_count, ballots_audited, ballots_in_manifest, current_round_index, cvr_import_error_message, cvr_import_state, cvr_import_timestamp, cvrs_imported, disagreements, discrepancies, version, county_id, cvr_file_id, manifest_file_id) VALUES (26, NULL, '[]', NULL, NULL, NULL, 0, 0, NULL, NULL, 'NOT_ATTEMPTED', '2024-06-05 16:10:02.090554', 0, '{}', '{}', 0, 26, NULL, NULL);
INSERT INTO public.county_dashboard (id, audit_board_count, driving_contests, audit_timestamp, audited_prefix_length, audited_sample_count, ballots_audited, ballots_in_manifest, current_round_index, cvr_import_error_message, cvr_import_state, cvr_import_timestamp, cvrs_imported, disagreements, discrepancies, version, county_id, cvr_file_id, manifest_file_id) VALUES (27, NULL, '[]', NULL, NULL, NULL, 0, 0, NULL, NULL, 'NOT_ATTEMPTED', '2024-06-05 16:10:02.094556', 0, '{}', '{}', 0, 27, NULL, NULL);
INSERT INTO public.county_dashboard (id, audit_board_count, driving_contests, audit_timestamp, audited_prefix_length, audited_sample_count, ballots_audited, ballots_in_manifest, current_round_index, cvr_import_error_message, cvr_import_state, cvr_import_timestamp, cvrs_imported, disagreements, discrepancies, version, county_id, cvr_file_id, manifest_file_id) VALUES (28, NULL, '[]', NULL, NULL, NULL, 0, 0, NULL, NULL, 'NOT_ATTEMPTED', '2024-06-05 16:10:02.098595', 0, '{}', '{}', 0, 28, NULL, NULL);
INSERT INTO public.county_dashboard (id, audit_board_count, driving_contests, audit_timestamp, audited_prefix_length, audited_sample_count, ballots_audited, ballots_in_manifest, current_round_index, cvr_import_error_message, cvr_import_state, cvr_import_timestamp, cvrs_imported, disagreements, discrepancies, version, county_id, cvr_file_id, manifest_file_id) VALUES (29, NULL, '[]', NULL, NULL, NULL, 0, 0, NULL, NULL, 'NOT_ATTEMPTED', '2024-06-05 16:10:02.102622', 0, '{}', '{}', 0, 29, NULL, NULL);
INSERT INTO public.county_dashboard (id, audit_board_count, driving_contests, audit_timestamp, audited_prefix_length, audited_sample_count, ballots_audited, ballots_in_manifest, current_round_index, cvr_import_error_message, cvr_import_state, cvr_import_timestamp, cvrs_imported, disagreements, discrepancies, version, county_id, cvr_file_id, manifest_file_id) VALUES (30, NULL, '[]', NULL, NULL, NULL, 0, 0, NULL, NULL, 'NOT_ATTEMPTED', '2024-06-05 16:10:02.106647', 0, '{}', '{}', 0, 30, NULL, NULL);
INSERT INTO public.county_dashboard (id, audit_board_count, driving_contests, audit_timestamp, audited_prefix_length, audited_sample_count, ballots_audited, ballots_in_manifest, current_round_index, cvr_import_error_message, cvr_import_state, cvr_import_timestamp, cvrs_imported, disagreements, discrepancies, version, county_id, cvr_file_id, manifest_file_id) VALUES (31, NULL, '[]', NULL, NULL, NULL, 0, 0, NULL, NULL, 'NOT_ATTEMPTED', '2024-06-05 16:10:02.110718', 0, '{}', '{}', 0, 31, NULL, NULL);
INSERT INTO public.county_dashboard (id, audit_board_count, driving_contests, audit_timestamp, audited_prefix_length, audited_sample_count, ballots_audited, ballots_in_manifest, current_round_index, cvr_import_error_message, cvr_import_state, cvr_import_timestamp, cvrs_imported, disagreements, discrepancies, version, county_id, cvr_file_id, manifest_file_id) VALUES (32, NULL, '[]', NULL, NULL, NULL, 0, 0, NULL, NULL, 'NOT_ATTEMPTED', '2024-06-05 16:10:02.114617', 0, '{}', '{}', 0, 32, NULL, NULL);
INSERT INTO public.county_dashboard (id, audit_board_count, driving_contests, audit_timestamp, audited_prefix_length, audited_sample_count, ballots_audited, ballots_in_manifest, current_round_index, cvr_import_error_message, cvr_import_state, cvr_import_timestamp, cvrs_imported, disagreements, discrepancies, version, county_id, cvr_file_id, manifest_file_id) VALUES (33, NULL, '[]', NULL, NULL, NULL, 0, 0, NULL, NULL, 'NOT_ATTEMPTED', '2024-06-05 16:10:02.118543', 0, '{}', '{}', 0, 33, NULL, NULL);
INSERT INTO public.county_dashboard (id, audit_board_count, driving_contests, audit_timestamp, audited_prefix_length, audited_sample_count, ballots_audited, ballots_in_manifest, current_round_index, cvr_import_error_message, cvr_import_state, cvr_import_timestamp, cvrs_imported, disagreements, discrepancies, version, county_id, cvr_file_id, manifest_file_id) VALUES (34, NULL, '[]', NULL, NULL, NULL, 0, 0, NULL, NULL, 'NOT_ATTEMPTED', '2024-06-05 16:10:02.122478', 0, '{}', '{}', 0, 34, NULL, NULL);
INSERT INTO public.county_dashboard (id, audit_board_count, driving_contests, audit_timestamp, audited_prefix_length, audited_sample_count, ballots_audited, ballots_in_manifest, current_round_index, cvr_import_error_message, cvr_import_state, cvr_import_timestamp, cvrs_imported, disagreements, discrepancies, version, county_id, cvr_file_id, manifest_file_id) VALUES (35, NULL, '[]', NULL, NULL, NULL, 0, 0, NULL, NULL, 'NOT_ATTEMPTED', '2024-06-05 16:10:02.126505', 0, '{}', '{}', 0, 35, NULL, NULL);
INSERT INTO public.county_dashboard (id, audit_board_count, driving_contests, audit_timestamp, audited_prefix_length, audited_sample_count, ballots_audited, ballots_in_manifest, current_round_index, cvr_import_error_message, cvr_import_state, cvr_import_timestamp, cvrs_imported, disagreements, discrepancies, version, county_id, cvr_file_id, manifest_file_id) VALUES (36, NULL, '[]', NULL, NULL, NULL, 0, 0, NULL, NULL, 'NOT_ATTEMPTED', '2024-06-05 16:10:02.130361', 0, '{}', '{}', 0, 36, NULL, NULL);
INSERT INTO public.county_dashboard (id, audit_board_count, driving_contests, audit_timestamp, audited_prefix_length, audited_sample_count, ballots_audited, ballots_in_manifest, current_round_index, cvr_import_error_message, cvr_import_state, cvr_import_timestamp, cvrs_imported, disagreements, discrepancies, version, county_id, cvr_file_id, manifest_file_id) VALUES (37, NULL, '[]', NULL, NULL, NULL, 0, 0, NULL, NULL, 'NOT_ATTEMPTED', '2024-06-05 16:10:02.134456', 0, '{}', '{}', 0, 37, NULL, NULL);
INSERT INTO public.county_dashboard (id, audit_board_count, driving_contests, audit_timestamp, audited_prefix_length, audited_sample_count, ballots_audited, ballots_in_manifest, current_round_index, cvr_import_error_message, cvr_import_state, cvr_import_timestamp, cvrs_imported, disagreements, discrepancies, version, county_id, cvr_file_id, manifest_file_id) VALUES (38, NULL, '[]', NULL, NULL, NULL, 0, 0, NULL, NULL, 'NOT_ATTEMPTED', '2024-06-05 16:10:02.138468', 0, '{}', '{}', 0, 38, NULL, NULL);
INSERT INTO public.county_dashboard (id, audit_board_count, driving_contests, audit_timestamp, audited_prefix_length, audited_sample_count, ballots_audited, ballots_in_manifest, current_round_index, cvr_import_error_message, cvr_import_state, cvr_import_timestamp, cvrs_imported, disagreements, discrepancies, version, county_id, cvr_file_id, manifest_file_id) VALUES (39, NULL, '[]', NULL, NULL, NULL, 0, 0, NULL, NULL, 'NOT_ATTEMPTED', '2024-06-05 16:10:02.14244', 0, '{}', '{}', 0, 39, NULL, NULL);
INSERT INTO public.county_dashboard (id, audit_board_count, driving_contests, audit_timestamp, audited_prefix_length, audited_sample_count, ballots_audited, ballots_in_manifest, current_round_index, cvr_import_error_message, cvr_import_state, cvr_import_timestamp, cvrs_imported, disagreements, discrepancies, version, county_id, cvr_file_id, manifest_file_id) VALUES (40, NULL, '[]', NULL, NULL, NULL, 0, 0, NULL, NULL, 'NOT_ATTEMPTED', '2024-06-05 16:10:02.146486', 0, '{}', '{}', 0, 40, NULL, NULL);
INSERT INTO public.county_dashboard (id, audit_board_count, driving_contests, audit_timestamp, audited_prefix_length, audited_sample_count, ballots_audited, ballots_in_manifest, current_round_index, cvr_import_error_message, cvr_import_state, cvr_import_timestamp, cvrs_imported, disagreements, discrepancies, version, county_id, cvr_file_id, manifest_file_id) VALUES (41, NULL, '[]', NULL, NULL, NULL, 0, 0, NULL, NULL, 'NOT_ATTEMPTED', '2024-06-05 16:10:02.150592', 0, '{}', '{}', 0, 41, NULL, NULL);
INSERT INTO public.county_dashboard (id, audit_board_count, driving_contests, audit_timestamp, audited_prefix_length, audited_sample_count, ballots_audited, ballots_in_manifest, current_round_index, cvr_import_error_message, cvr_import_state, cvr_import_timestamp, cvrs_imported, disagreements, discrepancies, version, county_id, cvr_file_id, manifest_file_id) VALUES (42, NULL, '[]', NULL, NULL, NULL, 0, 0, NULL, NULL, 'NOT_ATTEMPTED', '2024-06-05 16:10:02.154801', 0, '{}', '{}', 0, 42, NULL, NULL);
INSERT INTO public.county_dashboard (id, audit_board_count, driving_contests, audit_timestamp, audited_prefix_length, audited_sample_count, ballots_audited, ballots_in_manifest, current_round_index, cvr_import_error_message, cvr_import_state, cvr_import_timestamp, cvrs_imported, disagreements, discrepancies, version, county_id, cvr_file_id, manifest_file_id) VALUES (43, NULL, '[]', NULL, NULL, NULL, 0, 0, NULL, NULL, 'NOT_ATTEMPTED', '2024-06-05 16:10:02.159136', 0, '{}', '{}', 0, 43, NULL, NULL);