--
-- Basic setup to represent the point just before anyone has started uploading data.
-- Includes counties, administrators, dashboards and asm states.

--
-- Data for Name: asm_state; Type: TABLE DATA; Schema: public; Owner: corlaadmin
--

INSERT INTO public.asm_state (id, asm_class, asm_identity, state_class, state_value, version) VALUES (44639, 'us.freeandfair.corla.asm.DoSDashboardASM', 'DoS', 'us.freeandfair.corla.asm.ASMState$DoSDashboardState', 'DOS_INITIAL_STATE', 0);
INSERT INTO public.asm_state (id, asm_class, asm_identity, state_class, state_value, version) VALUES (44640, 'us.freeandfair.corla.asm.CountyDashboardASM', '44', 'us.freeandfair.corla.asm.ASMState$CountyDashboardState', 'COUNTY_INITIAL_STATE', 0);
INSERT INTO public.asm_state (id, asm_class, asm_identity, state_class, state_value, version) VALUES (44641, 'us.freeandfair.corla.asm.AuditBoardDashboardASM', '44', 'us.freeandfair.corla.asm.ASMState$AuditBoardDashboardState', 'AUDIT_INITIAL_STATE', 0);
INSERT INTO public.asm_state (id, asm_class, asm_identity, state_class, state_value, version) VALUES (44642, 'us.freeandfair.corla.asm.CountyDashboardASM', '45', 'us.freeandfair.corla.asm.ASMState$CountyDashboardState', 'COUNTY_INITIAL_STATE', 0);
INSERT INTO public.asm_state (id, asm_class, asm_identity, state_class, state_value, version) VALUES (44643, 'us.freeandfair.corla.asm.AuditBoardDashboardASM', '45', 'us.freeandfair.corla.asm.ASMState$AuditBoardDashboardState', 'AUDIT_INITIAL_STATE', 0);
INSERT INTO public.asm_state (id, asm_class, asm_identity, state_class, state_value, version) VALUES (44644, 'us.freeandfair.corla.asm.CountyDashboardASM', '46', 'us.freeandfair.corla.asm.ASMState$CountyDashboardState', 'COUNTY_INITIAL_STATE', 0);
INSERT INTO public.asm_state (id, asm_class, asm_identity, state_class, state_value, version) VALUES (44645, 'us.freeandfair.corla.asm.AuditBoardDashboardASM', '46', 'us.freeandfair.corla.asm.ASMState$AuditBoardDashboardState', 'AUDIT_INITIAL_STATE', 0);
INSERT INTO public.asm_state (id, asm_class, asm_identity, state_class, state_value, version) VALUES (44646, 'us.freeandfair.corla.asm.CountyDashboardASM', '47', 'us.freeandfair.corla.asm.ASMState$CountyDashboardState', 'COUNTY_INITIAL_STATE', 0);
INSERT INTO public.asm_state (id, asm_class, asm_identity, state_class, state_value, version) VALUES (44647, 'us.freeandfair.corla.asm.AuditBoardDashboardASM', '47', 'us.freeandfair.corla.asm.ASMState$AuditBoardDashboardState', 'AUDIT_INITIAL_STATE', 0);
INSERT INTO public.asm_state (id, asm_class, asm_identity, state_class, state_value, version) VALUES (44648, 'us.freeandfair.corla.asm.CountyDashboardASM', '48', 'us.freeandfair.corla.asm.ASMState$CountyDashboardState', 'COUNTY_INITIAL_STATE', 0);
INSERT INTO public.asm_state (id, asm_class, asm_identity, state_class, state_value, version) VALUES (44649, 'us.freeandfair.corla.asm.AuditBoardDashboardASM', '48', 'us.freeandfair.corla.asm.ASMState$AuditBoardDashboardState', 'AUDIT_INITIAL_STATE', 0);
INSERT INTO public.asm_state (id, asm_class, asm_identity, state_class, state_value, version) VALUES (44650, 'us.freeandfair.corla.asm.CountyDashboardASM', '49', 'us.freeandfair.corla.asm.ASMState$CountyDashboardState', 'COUNTY_INITIAL_STATE', 0);
INSERT INTO public.asm_state (id, asm_class, asm_identity, state_class, state_value, version) VALUES (44651, 'us.freeandfair.corla.asm.AuditBoardDashboardASM', '49', 'us.freeandfair.corla.asm.ASMState$AuditBoardDashboardState', 'AUDIT_INITIAL_STATE', 0);
INSERT INTO public.asm_state (id, asm_class, asm_identity, state_class, state_value, version) VALUES (44652, 'us.freeandfair.corla.asm.CountyDashboardASM', '50', 'us.freeandfair.corla.asm.ASMState$CountyDashboardState', 'COUNTY_INITIAL_STATE', 0);
INSERT INTO public.asm_state (id, asm_class, asm_identity, state_class, state_value, version) VALUES (44653, 'us.freeandfair.corla.asm.AuditBoardDashboardASM', '50', 'us.freeandfair.corla.asm.ASMState$AuditBoardDashboardState', 'AUDIT_INITIAL_STATE', 0);
INSERT INTO public.asm_state (id, asm_class, asm_identity, state_class, state_value, version) VALUES (44654, 'us.freeandfair.corla.asm.CountyDashboardASM', '51', 'us.freeandfair.corla.asm.ASMState$CountyDashboardState', 'COUNTY_INITIAL_STATE', 0);
INSERT INTO public.asm_state (id, asm_class, asm_identity, state_class, state_value, version) VALUES (44655, 'us.freeandfair.corla.asm.AuditBoardDashboardASM', '51', 'us.freeandfair.corla.asm.ASMState$AuditBoardDashboardState', 'AUDIT_INITIAL_STATE', 0);
INSERT INTO public.asm_state (id, asm_class, asm_identity, state_class, state_value, version) VALUES (44656, 'us.freeandfair.corla.asm.CountyDashboardASM', '52', 'us.freeandfair.corla.asm.ASMState$CountyDashboardState', 'COUNTY_INITIAL_STATE', 0);
INSERT INTO public.asm_state (id, asm_class, asm_identity, state_class, state_value, version) VALUES (44657, 'us.freeandfair.corla.asm.AuditBoardDashboardASM', '52', 'us.freeandfair.corla.asm.ASMState$AuditBoardDashboardState', 'AUDIT_INITIAL_STATE', 0);
INSERT INTO public.asm_state (id, asm_class, asm_identity, state_class, state_value, version) VALUES (44658, 'us.freeandfair.corla.asm.CountyDashboardASM', '53', 'us.freeandfair.corla.asm.ASMState$CountyDashboardState', 'COUNTY_INITIAL_STATE', 0);
INSERT INTO public.asm_state (id, asm_class, asm_identity, state_class, state_value, version) VALUES (44659, 'us.freeandfair.corla.asm.AuditBoardDashboardASM', '53', 'us.freeandfair.corla.asm.ASMState$AuditBoardDashboardState', 'AUDIT_INITIAL_STATE', 0);
INSERT INTO public.asm_state (id, asm_class, asm_identity, state_class, state_value, version) VALUES (44660, 'us.freeandfair.corla.asm.CountyDashboardASM', '10', 'us.freeandfair.corla.asm.ASMState$CountyDashboardState', 'COUNTY_INITIAL_STATE', 0);
INSERT INTO public.asm_state (id, asm_class, asm_identity, state_class, state_value, version) VALUES (44661, 'us.freeandfair.corla.asm.AuditBoardDashboardASM', '10', 'us.freeandfair.corla.asm.ASMState$AuditBoardDashboardState', 'AUDIT_INITIAL_STATE', 0);
INSERT INTO public.asm_state (id, asm_class, asm_identity, state_class, state_value, version) VALUES (44662, 'us.freeandfair.corla.asm.CountyDashboardASM', '54', 'us.freeandfair.corla.asm.ASMState$CountyDashboardState', 'COUNTY_INITIAL_STATE', 0);
INSERT INTO public.asm_state (id, asm_class, asm_identity, state_class, state_value, version) VALUES (44663, 'us.freeandfair.corla.asm.AuditBoardDashboardASM', '54', 'us.freeandfair.corla.asm.ASMState$AuditBoardDashboardState', 'AUDIT_INITIAL_STATE', 0);
INSERT INTO public.asm_state (id, asm_class, asm_identity, state_class, state_value, version) VALUES (44664, 'us.freeandfair.corla.asm.CountyDashboardASM', '11', 'us.freeandfair.corla.asm.ASMState$CountyDashboardState', 'COUNTY_INITIAL_STATE', 0);
INSERT INTO public.asm_state (id, asm_class, asm_identity, state_class, state_value, version) VALUES (44665, 'us.freeandfair.corla.asm.AuditBoardDashboardASM', '11', 'us.freeandfair.corla.asm.ASMState$AuditBoardDashboardState', 'AUDIT_INITIAL_STATE', 0);
INSERT INTO public.asm_state (id, asm_class, asm_identity, state_class, state_value, version) VALUES (44666, 'us.freeandfair.corla.asm.CountyDashboardASM', '55', 'us.freeandfair.corla.asm.ASMState$CountyDashboardState', 'COUNTY_INITIAL_STATE', 0);
INSERT INTO public.asm_state (id, asm_class, asm_identity, state_class, state_value, version) VALUES (44667, 'us.freeandfair.corla.asm.AuditBoardDashboardASM', '55', 'us.freeandfair.corla.asm.ASMState$AuditBoardDashboardState', 'AUDIT_INITIAL_STATE', 0);
INSERT INTO public.asm_state (id, asm_class, asm_identity, state_class, state_value, version) VALUES (44668, 'us.freeandfair.corla.asm.CountyDashboardASM', '12', 'us.freeandfair.corla.asm.ASMState$CountyDashboardState', 'COUNTY_INITIAL_STATE', 0);
INSERT INTO public.asm_state (id, asm_class, asm_identity, state_class, state_value, version) VALUES (44669, 'us.freeandfair.corla.asm.AuditBoardDashboardASM', '12', 'us.freeandfair.corla.asm.ASMState$AuditBoardDashboardState', 'AUDIT_INITIAL_STATE', 0);
INSERT INTO public.asm_state (id, asm_class, asm_identity, state_class, state_value, version) VALUES (44670, 'us.freeandfair.corla.asm.CountyDashboardASM', '56', 'us.freeandfair.corla.asm.ASMState$CountyDashboardState', 'COUNTY_INITIAL_STATE', 0);
INSERT INTO public.asm_state (id, asm_class, asm_identity, state_class, state_value, version) VALUES (44671, 'us.freeandfair.corla.asm.AuditBoardDashboardASM', '56', 'us.freeandfair.corla.asm.ASMState$AuditBoardDashboardState', 'AUDIT_INITIAL_STATE', 0);
INSERT INTO public.asm_state (id, asm_class, asm_identity, state_class, state_value, version) VALUES (44672, 'us.freeandfair.corla.asm.CountyDashboardASM', '13', 'us.freeandfair.corla.asm.ASMState$CountyDashboardState', 'COUNTY_INITIAL_STATE', 0);
INSERT INTO public.asm_state (id, asm_class, asm_identity, state_class, state_value, version) VALUES (44673, 'us.freeandfair.corla.asm.AuditBoardDashboardASM', '13', 'us.freeandfair.corla.asm.ASMState$AuditBoardDashboardState', 'AUDIT_INITIAL_STATE', 0);
INSERT INTO public.asm_state (id, asm_class, asm_identity, state_class, state_value, version) VALUES (44674, 'us.freeandfair.corla.asm.CountyDashboardASM', '57', 'us.freeandfair.corla.asm.ASMState$CountyDashboardState', 'COUNTY_INITIAL_STATE', 0);
INSERT INTO public.asm_state (id, asm_class, asm_identity, state_class, state_value, version) VALUES (44675, 'us.freeandfair.corla.asm.AuditBoardDashboardASM', '57', 'us.freeandfair.corla.asm.ASMState$AuditBoardDashboardState', 'AUDIT_INITIAL_STATE', 0);
INSERT INTO public.asm_state (id, asm_class, asm_identity, state_class, state_value, version) VALUES (44676, 'us.freeandfair.corla.asm.CountyDashboardASM', '14', 'us.freeandfair.corla.asm.ASMState$CountyDashboardState', 'COUNTY_INITIAL_STATE', 0);
INSERT INTO public.asm_state (id, asm_class, asm_identity, state_class, state_value, version) VALUES (44677, 'us.freeandfair.corla.asm.AuditBoardDashboardASM', '14', 'us.freeandfair.corla.asm.ASMState$AuditBoardDashboardState', 'AUDIT_INITIAL_STATE', 0);
INSERT INTO public.asm_state (id, asm_class, asm_identity, state_class, state_value, version) VALUES (44678, 'us.freeandfair.corla.asm.CountyDashboardASM', '58', 'us.freeandfair.corla.asm.ASMState$CountyDashboardState', 'COUNTY_INITIAL_STATE', 0);
INSERT INTO public.asm_state (id, asm_class, asm_identity, state_class, state_value, version) VALUES (44679, 'us.freeandfair.corla.asm.AuditBoardDashboardASM', '58', 'us.freeandfair.corla.asm.ASMState$AuditBoardDashboardState', 'AUDIT_INITIAL_STATE', 0);
INSERT INTO public.asm_state (id, asm_class, asm_identity, state_class, state_value, version) VALUES (44680, 'us.freeandfair.corla.asm.CountyDashboardASM', '15', 'us.freeandfair.corla.asm.ASMState$CountyDashboardState', 'COUNTY_INITIAL_STATE', 0);
INSERT INTO public.asm_state (id, asm_class, asm_identity, state_class, state_value, version) VALUES (44681, 'us.freeandfair.corla.asm.AuditBoardDashboardASM', '15', 'us.freeandfair.corla.asm.ASMState$AuditBoardDashboardState', 'AUDIT_INITIAL_STATE', 0);
INSERT INTO public.asm_state (id, asm_class, asm_identity, state_class, state_value, version) VALUES (44682, 'us.freeandfair.corla.asm.CountyDashboardASM', '59', 'us.freeandfair.corla.asm.ASMState$CountyDashboardState', 'COUNTY_INITIAL_STATE', 0);
INSERT INTO public.asm_state (id, asm_class, asm_identity, state_class, state_value, version) VALUES (44683, 'us.freeandfair.corla.asm.AuditBoardDashboardASM', '59', 'us.freeandfair.corla.asm.ASMState$AuditBoardDashboardState', 'AUDIT_INITIAL_STATE', 0);
INSERT INTO public.asm_state (id, asm_class, asm_identity, state_class, state_value, version) VALUES (44684, 'us.freeandfair.corla.asm.CountyDashboardASM', '16', 'us.freeandfair.corla.asm.ASMState$CountyDashboardState', 'COUNTY_INITIAL_STATE', 0);
INSERT INTO public.asm_state (id, asm_class, asm_identity, state_class, state_value, version) VALUES (44685, 'us.freeandfair.corla.asm.AuditBoardDashboardASM', '16', 'us.freeandfair.corla.asm.ASMState$AuditBoardDashboardState', 'AUDIT_INITIAL_STATE', 0);
INSERT INTO public.asm_state (id, asm_class, asm_identity, state_class, state_value, version) VALUES (44686, 'us.freeandfair.corla.asm.CountyDashboardASM', '17', 'us.freeandfair.corla.asm.ASMState$CountyDashboardState', 'COUNTY_INITIAL_STATE', 0);
INSERT INTO public.asm_state (id, asm_class, asm_identity, state_class, state_value, version) VALUES (44687, 'us.freeandfair.corla.asm.AuditBoardDashboardASM', '17', 'us.freeandfair.corla.asm.ASMState$AuditBoardDashboardState', 'AUDIT_INITIAL_STATE', 0);
INSERT INTO public.asm_state (id, asm_class, asm_identity, state_class, state_value, version) VALUES (44688, 'us.freeandfair.corla.asm.CountyDashboardASM', '18', 'us.freeandfair.corla.asm.ASMState$CountyDashboardState', 'COUNTY_INITIAL_STATE', 0);
INSERT INTO public.asm_state (id, asm_class, asm_identity, state_class, state_value, version) VALUES (44689, 'us.freeandfair.corla.asm.AuditBoardDashboardASM', '18', 'us.freeandfair.corla.asm.ASMState$AuditBoardDashboardState', 'AUDIT_INITIAL_STATE', 0);
INSERT INTO public.asm_state (id, asm_class, asm_identity, state_class, state_value, version) VALUES (44690, 'us.freeandfair.corla.asm.CountyDashboardASM', '19', 'us.freeandfair.corla.asm.ASMState$CountyDashboardState', 'COUNTY_INITIAL_STATE', 0);
INSERT INTO public.asm_state (id, asm_class, asm_identity, state_class, state_value, version) VALUES (44691, 'us.freeandfair.corla.asm.AuditBoardDashboardASM', '19', 'us.freeandfair.corla.asm.ASMState$AuditBoardDashboardState', 'AUDIT_INITIAL_STATE', 0);
INSERT INTO public.asm_state (id, asm_class, asm_identity, state_class, state_value, version) VALUES (44692, 'us.freeandfair.corla.asm.CountyDashboardASM', '1', 'us.freeandfair.corla.asm.ASMState$CountyDashboardState', 'COUNTY_INITIAL_STATE', 0);
INSERT INTO public.asm_state (id, asm_class, asm_identity, state_class, state_value, version) VALUES (44693, 'us.freeandfair.corla.asm.AuditBoardDashboardASM', '1', 'us.freeandfair.corla.asm.ASMState$AuditBoardDashboardState', 'AUDIT_INITIAL_STATE', 0);
INSERT INTO public.asm_state (id, asm_class, asm_identity, state_class, state_value, version) VALUES (44694, 'us.freeandfair.corla.asm.CountyDashboardASM', '2', 'us.freeandfair.corla.asm.ASMState$CountyDashboardState', 'COUNTY_INITIAL_STATE', 0);
INSERT INTO public.asm_state (id, asm_class, asm_identity, state_class, state_value, version) VALUES (44695, 'us.freeandfair.corla.asm.AuditBoardDashboardASM', '2', 'us.freeandfair.corla.asm.ASMState$AuditBoardDashboardState', 'AUDIT_INITIAL_STATE', 0);
INSERT INTO public.asm_state (id, asm_class, asm_identity, state_class, state_value, version) VALUES (44696, 'us.freeandfair.corla.asm.CountyDashboardASM', '3', 'us.freeandfair.corla.asm.ASMState$CountyDashboardState', 'COUNTY_INITIAL_STATE', 0);
INSERT INTO public.asm_state (id, asm_class, asm_identity, state_class, state_value, version) VALUES (44697, 'us.freeandfair.corla.asm.AuditBoardDashboardASM', '3', 'us.freeandfair.corla.asm.ASMState$AuditBoardDashboardState', 'AUDIT_INITIAL_STATE', 0);
INSERT INTO public.asm_state (id, asm_class, asm_identity, state_class, state_value, version) VALUES (44698, 'us.freeandfair.corla.asm.CountyDashboardASM', '4', 'us.freeandfair.corla.asm.ASMState$CountyDashboardState', 'COUNTY_INITIAL_STATE', 0);
INSERT INTO public.asm_state (id, asm_class, asm_identity, state_class, state_value, version) VALUES (44699, 'us.freeandfair.corla.asm.AuditBoardDashboardASM', '4', 'us.freeandfair.corla.asm.ASMState$AuditBoardDashboardState', 'AUDIT_INITIAL_STATE', 0);
INSERT INTO public.asm_state (id, asm_class, asm_identity, state_class, state_value, version) VALUES (44700, 'us.freeandfair.corla.asm.CountyDashboardASM', '5', 'us.freeandfair.corla.asm.ASMState$CountyDashboardState', 'COUNTY_INITIAL_STATE', 0);
INSERT INTO public.asm_state (id, asm_class, asm_identity, state_class, state_value, version) VALUES (44701, 'us.freeandfair.corla.asm.AuditBoardDashboardASM', '5', 'us.freeandfair.corla.asm.ASMState$AuditBoardDashboardState', 'AUDIT_INITIAL_STATE', 0);
INSERT INTO public.asm_state (id, asm_class, asm_identity, state_class, state_value, version) VALUES (44702, 'us.freeandfair.corla.asm.CountyDashboardASM', '6', 'us.freeandfair.corla.asm.ASMState$CountyDashboardState', 'COUNTY_INITIAL_STATE', 0);
INSERT INTO public.asm_state (id, asm_class, asm_identity, state_class, state_value, version) VALUES (44703, 'us.freeandfair.corla.asm.AuditBoardDashboardASM', '6', 'us.freeandfair.corla.asm.ASMState$AuditBoardDashboardState', 'AUDIT_INITIAL_STATE', 0);
INSERT INTO public.asm_state (id, asm_class, asm_identity, state_class, state_value, version) VALUES (44704, 'us.freeandfair.corla.asm.CountyDashboardASM', '7', 'us.freeandfair.corla.asm.ASMState$CountyDashboardState', 'COUNTY_INITIAL_STATE', 0);
INSERT INTO public.asm_state (id, asm_class, asm_identity, state_class, state_value, version) VALUES (44705, 'us.freeandfair.corla.asm.AuditBoardDashboardASM', '7', 'us.freeandfair.corla.asm.ASMState$AuditBoardDashboardState', 'AUDIT_INITIAL_STATE', 0);
INSERT INTO public.asm_state (id, asm_class, asm_identity, state_class, state_value, version) VALUES (44706, 'us.freeandfair.corla.asm.CountyDashboardASM', '8', 'us.freeandfair.corla.asm.ASMState$CountyDashboardState', 'COUNTY_INITIAL_STATE', 0);
INSERT INTO public.asm_state (id, asm_class, asm_identity, state_class, state_value, version) VALUES (44707, 'us.freeandfair.corla.asm.AuditBoardDashboardASM', '8', 'us.freeandfair.corla.asm.ASMState$AuditBoardDashboardState', 'AUDIT_INITIAL_STATE', 0);
INSERT INTO public.asm_state (id, asm_class, asm_identity, state_class, state_value, version) VALUES (44708, 'us.freeandfair.corla.asm.CountyDashboardASM', '9', 'us.freeandfair.corla.asm.ASMState$CountyDashboardState', 'COUNTY_INITIAL_STATE', 0);
INSERT INTO public.asm_state (id, asm_class, asm_identity, state_class, state_value, version) VALUES (44709, 'us.freeandfair.corla.asm.AuditBoardDashboardASM', '9', 'us.freeandfair.corla.asm.ASMState$AuditBoardDashboardState', 'AUDIT_INITIAL_STATE', 0);
INSERT INTO public.asm_state (id, asm_class, asm_identity, state_class, state_value, version) VALUES (44710, 'us.freeandfair.corla.asm.CountyDashboardASM', '60', 'us.freeandfair.corla.asm.ASMState$CountyDashboardState', 'COUNTY_INITIAL_STATE', 0);
INSERT INTO public.asm_state (id, asm_class, asm_identity, state_class, state_value, version) VALUES (44711, 'us.freeandfair.corla.asm.AuditBoardDashboardASM', '60', 'us.freeandfair.corla.asm.ASMState$AuditBoardDashboardState', 'AUDIT_INITIAL_STATE', 0);
INSERT INTO public.asm_state (id, asm_class, asm_identity, state_class, state_value, version) VALUES (44712, 'us.freeandfair.corla.asm.CountyDashboardASM', '61', 'us.freeandfair.corla.asm.ASMState$CountyDashboardState', 'COUNTY_INITIAL_STATE', 0);
INSERT INTO public.asm_state (id, asm_class, asm_identity, state_class, state_value, version) VALUES (44713, 'us.freeandfair.corla.asm.AuditBoardDashboardASM', '61', 'us.freeandfair.corla.asm.ASMState$AuditBoardDashboardState', 'AUDIT_INITIAL_STATE', 0);
INSERT INTO public.asm_state (id, asm_class, asm_identity, state_class, state_value, version) VALUES (44714, 'us.freeandfair.corla.asm.CountyDashboardASM', '62', 'us.freeandfair.corla.asm.ASMState$CountyDashboardState', 'COUNTY_INITIAL_STATE', 0);
INSERT INTO public.asm_state (id, asm_class, asm_identity, state_class, state_value, version) VALUES (44715, 'us.freeandfair.corla.asm.AuditBoardDashboardASM', '62', 'us.freeandfair.corla.asm.ASMState$AuditBoardDashboardState', 'AUDIT_INITIAL_STATE', 0);
INSERT INTO public.asm_state (id, asm_class, asm_identity, state_class, state_value, version) VALUES (44716, 'us.freeandfair.corla.asm.CountyDashboardASM', '63', 'us.freeandfair.corla.asm.ASMState$CountyDashboardState', 'COUNTY_INITIAL_STATE', 0);
INSERT INTO public.asm_state (id, asm_class, asm_identity, state_class, state_value, version) VALUES (44717, 'us.freeandfair.corla.asm.AuditBoardDashboardASM', '63', 'us.freeandfair.corla.asm.ASMState$AuditBoardDashboardState', 'AUDIT_INITIAL_STATE', 0);
INSERT INTO public.asm_state (id, asm_class, asm_identity, state_class, state_value, version) VALUES (44718, 'us.freeandfair.corla.asm.CountyDashboardASM', '20', 'us.freeandfair.corla.asm.ASMState$CountyDashboardState', 'COUNTY_INITIAL_STATE', 0);
INSERT INTO public.asm_state (id, asm_class, asm_identity, state_class, state_value, version) VALUES (44719, 'us.freeandfair.corla.asm.AuditBoardDashboardASM', '20', 'us.freeandfair.corla.asm.ASMState$AuditBoardDashboardState', 'AUDIT_INITIAL_STATE', 0);
INSERT INTO public.asm_state (id, asm_class, asm_identity, state_class, state_value, version) VALUES (44720, 'us.freeandfair.corla.asm.CountyDashboardASM', '64', 'us.freeandfair.corla.asm.ASMState$CountyDashboardState', 'COUNTY_INITIAL_STATE', 0);
INSERT INTO public.asm_state (id, asm_class, asm_identity, state_class, state_value, version) VALUES (44721, 'us.freeandfair.corla.asm.AuditBoardDashboardASM', '64', 'us.freeandfair.corla.asm.ASMState$AuditBoardDashboardState', 'AUDIT_INITIAL_STATE', 0);
INSERT INTO public.asm_state (id, asm_class, asm_identity, state_class, state_value, version) VALUES (44722, 'us.freeandfair.corla.asm.CountyDashboardASM', '21', 'us.freeandfair.corla.asm.ASMState$CountyDashboardState', 'COUNTY_INITIAL_STATE', 0);
INSERT INTO public.asm_state (id, asm_class, asm_identity, state_class, state_value, version) VALUES (44723, 'us.freeandfair.corla.asm.AuditBoardDashboardASM', '21', 'us.freeandfair.corla.asm.ASMState$AuditBoardDashboardState', 'AUDIT_INITIAL_STATE', 0);
INSERT INTO public.asm_state (id, asm_class, asm_identity, state_class, state_value, version) VALUES (44724, 'us.freeandfair.corla.asm.CountyDashboardASM', '22', 'us.freeandfair.corla.asm.ASMState$CountyDashboardState', 'COUNTY_INITIAL_STATE', 0);
INSERT INTO public.asm_state (id, asm_class, asm_identity, state_class, state_value, version) VALUES (44725, 'us.freeandfair.corla.asm.AuditBoardDashboardASM', '22', 'us.freeandfair.corla.asm.ASMState$AuditBoardDashboardState', 'AUDIT_INITIAL_STATE', 0);
INSERT INTO public.asm_state (id, asm_class, asm_identity, state_class, state_value, version) VALUES (44726, 'us.freeandfair.corla.asm.CountyDashboardASM', '23', 'us.freeandfair.corla.asm.ASMState$CountyDashboardState', 'COUNTY_INITIAL_STATE', 0);
INSERT INTO public.asm_state (id, asm_class, asm_identity, state_class, state_value, version) VALUES (44727, 'us.freeandfair.corla.asm.AuditBoardDashboardASM', '23', 'us.freeandfair.corla.asm.ASMState$AuditBoardDashboardState', 'AUDIT_INITIAL_STATE', 0);
INSERT INTO public.asm_state (id, asm_class, asm_identity, state_class, state_value, version) VALUES (44728, 'us.freeandfair.corla.asm.CountyDashboardASM', '24', 'us.freeandfair.corla.asm.ASMState$CountyDashboardState', 'COUNTY_INITIAL_STATE', 0);
INSERT INTO public.asm_state (id, asm_class, asm_identity, state_class, state_value, version) VALUES (44729, 'us.freeandfair.corla.asm.AuditBoardDashboardASM', '24', 'us.freeandfair.corla.asm.ASMState$AuditBoardDashboardState', 'AUDIT_INITIAL_STATE', 0);
INSERT INTO public.asm_state (id, asm_class, asm_identity, state_class, state_value, version) VALUES (44730, 'us.freeandfair.corla.asm.CountyDashboardASM', '25', 'us.freeandfair.corla.asm.ASMState$CountyDashboardState', 'COUNTY_INITIAL_STATE', 0);
INSERT INTO public.asm_state (id, asm_class, asm_identity, state_class, state_value, version) VALUES (44731, 'us.freeandfair.corla.asm.AuditBoardDashboardASM', '25', 'us.freeandfair.corla.asm.ASMState$AuditBoardDashboardState', 'AUDIT_INITIAL_STATE', 0);
INSERT INTO public.asm_state (id, asm_class, asm_identity, state_class, state_value, version) VALUES (44732, 'us.freeandfair.corla.asm.CountyDashboardASM', '26', 'us.freeandfair.corla.asm.ASMState$CountyDashboardState', 'COUNTY_INITIAL_STATE', 0);
INSERT INTO public.asm_state (id, asm_class, asm_identity, state_class, state_value, version) VALUES (44733, 'us.freeandfair.corla.asm.AuditBoardDashboardASM', '26', 'us.freeandfair.corla.asm.ASMState$AuditBoardDashboardState', 'AUDIT_INITIAL_STATE', 0);
INSERT INTO public.asm_state (id, asm_class, asm_identity, state_class, state_value, version) VALUES (44734, 'us.freeandfair.corla.asm.CountyDashboardASM', '27', 'us.freeandfair.corla.asm.ASMState$CountyDashboardState', 'COUNTY_INITIAL_STATE', 0);
INSERT INTO public.asm_state (id, asm_class, asm_identity, state_class, state_value, version) VALUES (44735, 'us.freeandfair.corla.asm.AuditBoardDashboardASM', '27', 'us.freeandfair.corla.asm.ASMState$AuditBoardDashboardState', 'AUDIT_INITIAL_STATE', 0);
INSERT INTO public.asm_state (id, asm_class, asm_identity, state_class, state_value, version) VALUES (44736, 'us.freeandfair.corla.asm.CountyDashboardASM', '28', 'us.freeandfair.corla.asm.ASMState$CountyDashboardState', 'COUNTY_INITIAL_STATE', 0);
INSERT INTO public.asm_state (id, asm_class, asm_identity, state_class, state_value, version) VALUES (44737, 'us.freeandfair.corla.asm.AuditBoardDashboardASM', '28', 'us.freeandfair.corla.asm.ASMState$AuditBoardDashboardState', 'AUDIT_INITIAL_STATE', 0);
INSERT INTO public.asm_state (id, asm_class, asm_identity, state_class, state_value, version) VALUES (44738, 'us.freeandfair.corla.asm.CountyDashboardASM', '29', 'us.freeandfair.corla.asm.ASMState$CountyDashboardState', 'COUNTY_INITIAL_STATE', 0);
INSERT INTO public.asm_state (id, asm_class, asm_identity, state_class, state_value, version) VALUES (44739, 'us.freeandfair.corla.asm.AuditBoardDashboardASM', '29', 'us.freeandfair.corla.asm.ASMState$AuditBoardDashboardState', 'AUDIT_INITIAL_STATE', 0);
INSERT INTO public.asm_state (id, asm_class, asm_identity, state_class, state_value, version) VALUES (44740, 'us.freeandfair.corla.asm.CountyDashboardASM', '30', 'us.freeandfair.corla.asm.ASMState$CountyDashboardState', 'COUNTY_INITIAL_STATE', 0);
INSERT INTO public.asm_state (id, asm_class, asm_identity, state_class, state_value, version) VALUES (44741, 'us.freeandfair.corla.asm.AuditBoardDashboardASM', '30', 'us.freeandfair.corla.asm.ASMState$AuditBoardDashboardState', 'AUDIT_INITIAL_STATE', 0);
INSERT INTO public.asm_state (id, asm_class, asm_identity, state_class, state_value, version) VALUES (44742, 'us.freeandfair.corla.asm.CountyDashboardASM', '31', 'us.freeandfair.corla.asm.ASMState$CountyDashboardState', 'COUNTY_INITIAL_STATE', 0);
INSERT INTO public.asm_state (id, asm_class, asm_identity, state_class, state_value, version) VALUES (44743, 'us.freeandfair.corla.asm.AuditBoardDashboardASM', '31', 'us.freeandfair.corla.asm.ASMState$AuditBoardDashboardState', 'AUDIT_INITIAL_STATE', 0);
INSERT INTO public.asm_state (id, asm_class, asm_identity, state_class, state_value, version) VALUES (44744, 'us.freeandfair.corla.asm.CountyDashboardASM', '32', 'us.freeandfair.corla.asm.ASMState$CountyDashboardState', 'COUNTY_INITIAL_STATE', 0);
INSERT INTO public.asm_state (id, asm_class, asm_identity, state_class, state_value, version) VALUES (44745, 'us.freeandfair.corla.asm.AuditBoardDashboardASM', '32', 'us.freeandfair.corla.asm.ASMState$AuditBoardDashboardState', 'AUDIT_INITIAL_STATE', 0);
INSERT INTO public.asm_state (id, asm_class, asm_identity, state_class, state_value, version) VALUES (44746, 'us.freeandfair.corla.asm.CountyDashboardASM', '33', 'us.freeandfair.corla.asm.ASMState$CountyDashboardState', 'COUNTY_INITIAL_STATE', 0);
INSERT INTO public.asm_state (id, asm_class, asm_identity, state_class, state_value, version) VALUES (44747, 'us.freeandfair.corla.asm.AuditBoardDashboardASM', '33', 'us.freeandfair.corla.asm.ASMState$AuditBoardDashboardState', 'AUDIT_INITIAL_STATE', 0);
INSERT INTO public.asm_state (id, asm_class, asm_identity, state_class, state_value, version) VALUES (44748, 'us.freeandfair.corla.asm.CountyDashboardASM', '34', 'us.freeandfair.corla.asm.ASMState$CountyDashboardState', 'COUNTY_INITIAL_STATE', 0);
INSERT INTO public.asm_state (id, asm_class, asm_identity, state_class, state_value, version) VALUES (44749, 'us.freeandfair.corla.asm.AuditBoardDashboardASM', '34', 'us.freeandfair.corla.asm.ASMState$AuditBoardDashboardState', 'AUDIT_INITIAL_STATE', 0);
INSERT INTO public.asm_state (id, asm_class, asm_identity, state_class, state_value, version) VALUES (44750, 'us.freeandfair.corla.asm.CountyDashboardASM', '35', 'us.freeandfair.corla.asm.ASMState$CountyDashboardState', 'COUNTY_INITIAL_STATE', 0);
INSERT INTO public.asm_state (id, asm_class, asm_identity, state_class, state_value, version) VALUES (44751, 'us.freeandfair.corla.asm.AuditBoardDashboardASM', '35', 'us.freeandfair.corla.asm.ASMState$AuditBoardDashboardState', 'AUDIT_INITIAL_STATE', 0);
INSERT INTO public.asm_state (id, asm_class, asm_identity, state_class, state_value, version) VALUES (44752, 'us.freeandfair.corla.asm.CountyDashboardASM', '36', 'us.freeandfair.corla.asm.ASMState$CountyDashboardState', 'COUNTY_INITIAL_STATE', 0);
INSERT INTO public.asm_state (id, asm_class, asm_identity, state_class, state_value, version) VALUES (44753, 'us.freeandfair.corla.asm.AuditBoardDashboardASM', '36', 'us.freeandfair.corla.asm.ASMState$AuditBoardDashboardState', 'AUDIT_INITIAL_STATE', 0);
INSERT INTO public.asm_state (id, asm_class, asm_identity, state_class, state_value, version) VALUES (44754, 'us.freeandfair.corla.asm.CountyDashboardASM', '37', 'us.freeandfair.corla.asm.ASMState$CountyDashboardState', 'COUNTY_INITIAL_STATE', 0);
INSERT INTO public.asm_state (id, asm_class, asm_identity, state_class, state_value, version) VALUES (44755, 'us.freeandfair.corla.asm.AuditBoardDashboardASM', '37', 'us.freeandfair.corla.asm.ASMState$AuditBoardDashboardState', 'AUDIT_INITIAL_STATE', 0);
INSERT INTO public.asm_state (id, asm_class, asm_identity, state_class, state_value, version) VALUES (44756, 'us.freeandfair.corla.asm.CountyDashboardASM', '38', 'us.freeandfair.corla.asm.ASMState$CountyDashboardState', 'COUNTY_INITIAL_STATE', 0);
INSERT INTO public.asm_state (id, asm_class, asm_identity, state_class, state_value, version) VALUES (44757, 'us.freeandfair.corla.asm.AuditBoardDashboardASM', '38', 'us.freeandfair.corla.asm.ASMState$AuditBoardDashboardState', 'AUDIT_INITIAL_STATE', 0);
INSERT INTO public.asm_state (id, asm_class, asm_identity, state_class, state_value, version) VALUES (44758, 'us.freeandfair.corla.asm.CountyDashboardASM', '39', 'us.freeandfair.corla.asm.ASMState$CountyDashboardState', 'COUNTY_INITIAL_STATE', 0);
INSERT INTO public.asm_state (id, asm_class, asm_identity, state_class, state_value, version) VALUES (44759, 'us.freeandfair.corla.asm.AuditBoardDashboardASM', '39', 'us.freeandfair.corla.asm.ASMState$AuditBoardDashboardState', 'AUDIT_INITIAL_STATE', 0);
INSERT INTO public.asm_state (id, asm_class, asm_identity, state_class, state_value, version) VALUES (44760, 'us.freeandfair.corla.asm.CountyDashboardASM', '40', 'us.freeandfair.corla.asm.ASMState$CountyDashboardState', 'COUNTY_INITIAL_STATE', 0);
INSERT INTO public.asm_state (id, asm_class, asm_identity, state_class, state_value, version) VALUES (44761, 'us.freeandfair.corla.asm.AuditBoardDashboardASM', '40', 'us.freeandfair.corla.asm.ASMState$AuditBoardDashboardState', 'AUDIT_INITIAL_STATE', 0);
INSERT INTO public.asm_state (id, asm_class, asm_identity, state_class, state_value, version) VALUES (44762, 'us.freeandfair.corla.asm.CountyDashboardASM', '41', 'us.freeandfair.corla.asm.ASMState$CountyDashboardState', 'COUNTY_INITIAL_STATE', 0);
INSERT INTO public.asm_state (id, asm_class, asm_identity, state_class, state_value, version) VALUES (44763, 'us.freeandfair.corla.asm.AuditBoardDashboardASM', '41', 'us.freeandfair.corla.asm.ASMState$AuditBoardDashboardState', 'AUDIT_INITIAL_STATE', 0);
INSERT INTO public.asm_state (id, asm_class, asm_identity, state_class, state_value, version) VALUES (44764, 'us.freeandfair.corla.asm.CountyDashboardASM', '42', 'us.freeandfair.corla.asm.ASMState$CountyDashboardState', 'COUNTY_INITIAL_STATE', 0);
INSERT INTO public.asm_state (id, asm_class, asm_identity, state_class, state_value, version) VALUES (44765, 'us.freeandfair.corla.asm.AuditBoardDashboardASM', '42', 'us.freeandfair.corla.asm.ASMState$AuditBoardDashboardState', 'AUDIT_INITIAL_STATE', 0);
INSERT INTO public.asm_state (id, asm_class, asm_identity, state_class, state_value, version) VALUES (44766, 'us.freeandfair.corla.asm.CountyDashboardASM', '43', 'us.freeandfair.corla.asm.ASMState$CountyDashboardState', 'COUNTY_INITIAL_STATE', 0);
INSERT INTO public.asm_state (id, asm_class, asm_identity, state_class, state_value, version) VALUES (44767, 'us.freeandfair.corla.asm.AuditBoardDashboardASM', '43', 'us.freeandfair.corla.asm.ASMState$AuditBoardDashboardState', 'AUDIT_INITIAL_STATE', 0);


--
-- Data for Name: county; Type: TABLE DATA; Schema: public; Owner: corlaadmin
--

INSERT INTO public.county (id, name, version) VALUES (44, 'Morgan', 0);
INSERT INTO public.county (id, name, version) VALUES (45, 'Otero', 0);
INSERT INTO public.county (id, name, version) VALUES (46, 'Ouray', 0);
INSERT INTO public.county (id, name, version) VALUES (47, 'Park', 0);
INSERT INTO public.county (id, name, version) VALUES (48, 'Phillips', 0);
INSERT INTO public.county (id, name, version) VALUES (49, 'Pitkin', 0);
INSERT INTO public.county (id, name, version) VALUES (50, 'Prowers', 0);
INSERT INTO public.county (id, name, version) VALUES (51, 'Pueblo', 0);
INSERT INTO public.county (id, name, version) VALUES (52, 'Rio Blanco', 0);
INSERT INTO public.county (id, name, version) VALUES (53, 'Rio Grande', 0);
INSERT INTO public.county (id, name, version) VALUES (10, 'Clear Creek', 0);
INSERT INTO public.county (id, name, version) VALUES (54, 'Routt', 0);
INSERT INTO public.county (id, name, version) VALUES (11, 'Conejos', 0);
INSERT INTO public.county (id, name, version) VALUES (55, 'Saguache', 0);
INSERT INTO public.county (id, name, version) VALUES (12, 'Costilla', 0);
INSERT INTO public.county (id, name, version) VALUES (56, 'San Juan', 0);
INSERT INTO public.county (id, name, version) VALUES (13, 'Crowley', 0);
INSERT INTO public.county (id, name, version) VALUES (57, 'San Miguel', 0);
INSERT INTO public.county (id, name, version) VALUES (14, 'Custer', 0);
INSERT INTO public.county (id, name, version) VALUES (58, 'Sedgwick', 0);
INSERT INTO public.county (id, name, version) VALUES (15, 'Delta', 0);
INSERT INTO public.county (id, name, version) VALUES (59, 'Summit', 0);
INSERT INTO public.county (id, name, version) VALUES (16, 'Denver', 0);
INSERT INTO public.county (id, name, version) VALUES (17, 'Dolores', 0);
INSERT INTO public.county (id, name, version) VALUES (18, 'Douglas', 0);
INSERT INTO public.county (id, name, version) VALUES (19, 'Eagle', 0);
INSERT INTO public.county (id, name, version) VALUES (1, 'Adams', 0);
INSERT INTO public.county (id, name, version) VALUES (2, 'Alamosa', 0);
INSERT INTO public.county (id, name, version) VALUES (3, 'Arapahoe', 0);
INSERT INTO public.county (id, name, version) VALUES (4, 'Archuleta', 0);
INSERT INTO public.county (id, name, version) VALUES (5, 'Baca', 0);
INSERT INTO public.county (id, name, version) VALUES (6, 'Bent', 0);
INSERT INTO public.county (id, name, version) VALUES (7, 'Boulder', 0);
INSERT INTO public.county (id, name, version) VALUES (8, 'Chaffee', 0);
INSERT INTO public.county (id, name, version) VALUES (9, 'Cheyenne', 0);
INSERT INTO public.county (id, name, version) VALUES (60, 'Teller', 0);
INSERT INTO public.county (id, name, version) VALUES (61, 'Washington', 0);
INSERT INTO public.county (id, name, version) VALUES (62, 'Weld', 0);
INSERT INTO public.county (id, name, version) VALUES (63, 'Yuma', 0);
INSERT INTO public.county (id, name, version) VALUES (20, 'Elbert', 0);
INSERT INTO public.county (id, name, version) VALUES (64, 'Broomfield', 0);
INSERT INTO public.county (id, name, version) VALUES (21, 'El Paso', 0);
INSERT INTO public.county (id, name, version) VALUES (22, 'Fremont', 0);
INSERT INTO public.county (id, name, version) VALUES (23, 'Garfield', 0);
INSERT INTO public.county (id, name, version) VALUES (24, 'Gilpin', 0);
INSERT INTO public.county (id, name, version) VALUES (25, 'Grand', 0);
INSERT INTO public.county (id, name, version) VALUES (26, 'Gunnison', 0);
INSERT INTO public.county (id, name, version) VALUES (27, 'Hinsdale', 0);
INSERT INTO public.county (id, name, version) VALUES (28, 'Huerfano', 0);
INSERT INTO public.county (id, name, version) VALUES (29, 'Jackson', 0);
INSERT INTO public.county (id, name, version) VALUES (30, 'Jefferson', 0);
INSERT INTO public.county (id, name, version) VALUES (31, 'Kiowa', 0);
INSERT INTO public.county (id, name, version) VALUES (32, 'Kit Carson', 0);
INSERT INTO public.county (id, name, version) VALUES (33, 'Lake', 0);
INSERT INTO public.county (id, name, version) VALUES (34, 'La Plata', 0);
INSERT INTO public.county (id, name, version) VALUES (35, 'Larimer', 0);
INSERT INTO public.county (id, name, version) VALUES (36, 'Las Animas', 0);
INSERT INTO public.county (id, name, version) VALUES (37, 'Lincoln', 0);
INSERT INTO public.county (id, name, version) VALUES (38, 'Logan', 0);
INSERT INTO public.county (id, name, version) VALUES (39, 'Mesa', 0);
INSERT INTO public.county (id, name, version) VALUES (40, 'Mineral', 0);
INSERT INTO public.county (id, name, version) VALUES (41, 'Moffat', 0);
INSERT INTO public.county (id, name, version) VALUES (42, 'Montezuma', 0);
INSERT INTO public.county (id, name, version) VALUES (43, 'Montrose', 0);


--
-- Data for Name: county_dashboard; Type: TABLE DATA; Schema: public; Owner: corlaadmin
--
-- These are all empty, except that Adams County (the first) is partway through an audit.

INSERT INTO public.county_dashboard (id, audit_board_count, driving_contests, audit_timestamp, audited_prefix_length, audited_sample_count, ballots_audited, ballots_in_manifest, current_round_index, cvr_import_error_message, cvr_import_state, cvr_import_timestamp, cvrs_imported, disagreements, discrepancies, version, county_id, cvr_file_id, manifest_file_id) VALUES (1, 1, '["TinyExample1"]', null, 1, 9, 6, 10, 0, null, 'SUCCESSFUL', '2024-07-21 16:59:42.846711', 10, '{}', '{"AUDITED_CONTEST":5}', 15, 1, NULL, NULL);
INSERT INTO public.county_dashboard (id, audit_board_count, driving_contests, audit_timestamp, audited_prefix_length, audited_sample_count, ballots_audited, ballots_in_manifest, current_round_index, cvr_import_error_message, cvr_import_state, cvr_import_timestamp, cvrs_imported, disagreements, discrepancies, version, county_id, cvr_file_id, manifest_file_id) VALUES (44, NULL, '[]', NULL, NULL, NULL, 0, 0, NULL, NULL, 'NOT_ATTEMPTED', '2024-06-05 16:10:01.872368', 0, '{}', '{}', 0, 44, NULL, NULL);
INSERT INTO public.county_dashboard (id, audit_board_count, driving_contests, audit_timestamp, audited_prefix_length, audited_sample_count, ballots_audited, ballots_in_manifest, current_round_index, cvr_import_error_message, cvr_import_state, cvr_import_timestamp, cvrs_imported, disagreements, discrepancies, version, county_id, cvr_file_id, manifest_file_id) VALUES (45, NULL, '[]', NULL, NULL, NULL, 0, 0, NULL, NULL, 'NOT_ATTEMPTED', '2024-06-05 16:10:01.882501', 0, '{}', '{}', 0, 45, NULL, NULL);
INSERT INTO public.county_dashboard (id, audit_board_count, driving_contests, audit_timestamp, audited_prefix_length, audited_sample_count, ballots_audited, ballots_in_manifest, current_round_index, cvr_import_error_message, cvr_import_state, cvr_import_timestamp, cvrs_imported, disagreements, discrepancies, version, county_id, cvr_file_id, manifest_file_id) VALUES (46, NULL, '[]', NULL, NULL, NULL, 0, 0, NULL, NULL, 'NOT_ATTEMPTED', '2024-06-05 16:10:01.888767', 0, '{}', '{}', 0, 46, NULL, NULL);
INSERT INTO public.county_dashboard (id, audit_board_count, driving_contests, audit_timestamp, audited_prefix_length, audited_sample_count, ballots_audited, ballots_in_manifest, current_round_index, cvr_import_error_message, cvr_import_state, cvr_import_timestamp, cvrs_imported, disagreements, discrepancies, version, county_id, cvr_file_id, manifest_file_id) VALUES (47, NULL, '[]', NULL, NULL, NULL, 0, 0, NULL, NULL, 'NOT_ATTEMPTED', '2024-06-05 16:10:01.894559', 0, '{}', '{}', 0, 47, NULL, NULL);
INSERT INTO public.county_dashboard (id, audit_board_count, driving_contests, audit_timestamp, audited_prefix_length, audited_sample_count, ballots_audited, ballots_in_manifest, current_round_index, cvr_import_error_message, cvr_import_state, cvr_import_timestamp, cvrs_imported, disagreements, discrepancies, version, county_id, cvr_file_id, manifest_file_id) VALUES (48, NULL, '[]', NULL, NULL, NULL, 0, 0, NULL, NULL, 'NOT_ATTEMPTED', '2024-06-05 16:10:01.900234', 0, '{}', '{}', 0, 48, NULL, NULL);
INSERT INTO public.county_dashboard (id, audit_board_count, driving_contests, audit_timestamp, audited_prefix_length, audited_sample_count, ballots_audited, ballots_in_manifest, current_round_index, cvr_import_error_message, cvr_import_state, cvr_import_timestamp, cvrs_imported, disagreements, discrepancies, version, county_id, cvr_file_id, manifest_file_id) VALUES (49, NULL, '[]', NULL, NULL, NULL, 0, 0, NULL, NULL, 'NOT_ATTEMPTED', '2024-06-05 16:10:01.905729', 0, '{}', '{}', 0, 49, NULL, NULL);
INSERT INTO public.county_dashboard (id, audit_board_count, driving_contests, audit_timestamp, audited_prefix_length, audited_sample_count, ballots_audited, ballots_in_manifest, current_round_index, cvr_import_error_message, cvr_import_state, cvr_import_timestamp, cvrs_imported, disagreements, discrepancies, version, county_id, cvr_file_id, manifest_file_id) VALUES (50, NULL, '[]', NULL, NULL, NULL, 0, 0, NULL, NULL, 'NOT_ATTEMPTED', '2024-06-05 16:10:01.911399', 0, '{}', '{}', 0, 50, NULL, NULL);
INSERT INTO public.county_dashboard (id, audit_board_count, driving_contests, audit_timestamp, audited_prefix_length, audited_sample_count, ballots_audited, ballots_in_manifest, current_round_index, cvr_import_error_message, cvr_import_state, cvr_import_timestamp, cvrs_imported, disagreements, discrepancies, version, county_id, cvr_file_id, manifest_file_id) VALUES (51, NULL, '[]', NULL, NULL, NULL, 0, 0, NULL, NULL, 'NOT_ATTEMPTED', '2024-06-05 16:10:01.916735', 0, '{}', '{}', 0, 51, NULL, NULL);
INSERT INTO public.county_dashboard (id, audit_board_count, driving_contests, audit_timestamp, audited_prefix_length, audited_sample_count, ballots_audited, ballots_in_manifest, current_round_index, cvr_import_error_message, cvr_import_state, cvr_import_timestamp, cvrs_imported, disagreements, discrepancies, version, county_id, cvr_file_id, manifest_file_id) VALUES (52, NULL, '[]', NULL, NULL, NULL, 0, 0, NULL, NULL, 'NOT_ATTEMPTED', '2024-06-05 16:10:01.922152', 0, '{}', '{}', 0, 52, NULL, NULL);
INSERT INTO public.county_dashboard (id, audit_board_count, driving_contests, audit_timestamp, audited_prefix_length, audited_sample_count, ballots_audited, ballots_in_manifest, current_round_index, cvr_import_error_message, cvr_import_state, cvr_import_timestamp, cvrs_imported, disagreements, discrepancies, version, county_id, cvr_file_id, manifest_file_id) VALUES (53, NULL, '[]', NULL, NULL, NULL, 0, 0, NULL, NULL, 'NOT_ATTEMPTED', '2024-06-05 16:10:01.927412', 0, '{}', '{}', 0, 53, NULL, NULL);
INSERT INTO public.county_dashboard (id, audit_board_count, driving_contests, audit_timestamp, audited_prefix_length, audited_sample_count, ballots_audited, ballots_in_manifest, current_round_index, cvr_import_error_message, cvr_import_state, cvr_import_timestamp, cvrs_imported, disagreements, discrepancies, version, county_id, cvr_file_id, manifest_file_id) VALUES (10, NULL, '[]', NULL, NULL, NULL, 0, 0, NULL, NULL, 'NOT_ATTEMPTED', '2024-06-05 16:10:01.93256', 0, '{}', '{}', 0, 10, NULL, NULL);
INSERT INTO public.county_dashboard (id, audit_board_count, driving_contests, audit_timestamp, audited_prefix_length, audited_sample_count, ballots_audited, ballots_in_manifest, current_round_index, cvr_import_error_message, cvr_import_state, cvr_import_timestamp, cvrs_imported, disagreements, discrepancies, version, county_id, cvr_file_id, manifest_file_id) VALUES (54, NULL, '[]', NULL, NULL, NULL, 0, 0, NULL, NULL, 'NOT_ATTEMPTED', '2024-06-05 16:10:01.937945', 0, '{}', '{}', 0, 54, NULL, NULL);
INSERT INTO public.county_dashboard (id, audit_board_count, driving_contests, audit_timestamp, audited_prefix_length, audited_sample_count, ballots_audited, ballots_in_manifest, current_round_index, cvr_import_error_message, cvr_import_state, cvr_import_timestamp, cvrs_imported, disagreements, discrepancies, version, county_id, cvr_file_id, manifest_file_id) VALUES (11, NULL, '[]', NULL, NULL, NULL, 0, 0, NULL, NULL, 'NOT_ATTEMPTED', '2024-06-05 16:10:01.943517', 0, '{}', '{}', 0, 11, NULL, NULL);
INSERT INTO public.county_dashboard (id, audit_board_count, driving_contests, audit_timestamp, audited_prefix_length, audited_sample_count, ballots_audited, ballots_in_manifest, current_round_index, cvr_import_error_message, cvr_import_state, cvr_import_timestamp, cvrs_imported, disagreements, discrepancies, version, county_id, cvr_file_id, manifest_file_id) VALUES (55, NULL, '[]', NULL, NULL, NULL, 0, 0, NULL, NULL, 'NOT_ATTEMPTED', '2024-06-05 16:10:01.948438', 0, '{}', '{}', 0, 55, NULL, NULL);
INSERT INTO public.county_dashboard (id, audit_board_count, driving_contests, audit_timestamp, audited_prefix_length, audited_sample_count, ballots_audited, ballots_in_manifest, current_round_index, cvr_import_error_message, cvr_import_state, cvr_import_timestamp, cvrs_imported, disagreements, discrepancies, version, county_id, cvr_file_id, manifest_file_id) VALUES (12, NULL, '[]', NULL, NULL, NULL, 0, 0, NULL, NULL, 'NOT_ATTEMPTED', '2024-06-05 16:10:01.953269', 0, '{}', '{}', 0, 12, NULL, NULL);
INSERT INTO public.county_dashboard (id, audit_board_count, driving_contests, audit_timestamp, audited_prefix_length, audited_sample_count, ballots_audited, ballots_in_manifest, current_round_index, cvr_import_error_message, cvr_import_state, cvr_import_timestamp, cvrs_imported, disagreements, discrepancies, version, county_id, cvr_file_id, manifest_file_id) VALUES (56, NULL, '[]', NULL, NULL, NULL, 0, 0, NULL, NULL, 'NOT_ATTEMPTED', '2024-06-05 16:10:01.957856', 0, '{}', '{}', 0, 56, NULL, NULL);
INSERT INTO public.county_dashboard (id, audit_board_count, driving_contests, audit_timestamp, audited_prefix_length, audited_sample_count, ballots_audited, ballots_in_manifest, current_round_index, cvr_import_error_message, cvr_import_state, cvr_import_timestamp, cvrs_imported, disagreements, discrepancies, version, county_id, cvr_file_id, manifest_file_id) VALUES (13, NULL, '[]', NULL, NULL, NULL, 0, 0, NULL, NULL, 'NOT_ATTEMPTED', '2024-06-05 16:10:01.962357', 0, '{}', '{}', 0, 13, NULL, NULL);
INSERT INTO public.county_dashboard (id, audit_board_count, driving_contests, audit_timestamp, audited_prefix_length, audited_sample_count, ballots_audited, ballots_in_manifest, current_round_index, cvr_import_error_message, cvr_import_state, cvr_import_timestamp, cvrs_imported, disagreements, discrepancies, version, county_id, cvr_file_id, manifest_file_id) VALUES (57, NULL, '[]', NULL, NULL, NULL, 0, 0, NULL, NULL, 'NOT_ATTEMPTED', '2024-06-05 16:10:01.96651', 0, '{}', '{}', 0, 57, NULL, NULL);
INSERT INTO public.county_dashboard (id, audit_board_count, driving_contests, audit_timestamp, audited_prefix_length, audited_sample_count, ballots_audited, ballots_in_manifest, current_round_index, cvr_import_error_message, cvr_import_state, cvr_import_timestamp, cvrs_imported, disagreements, discrepancies, version, county_id, cvr_file_id, manifest_file_id) VALUES (14, NULL, '[]', NULL, NULL, NULL, 0, 0, NULL, NULL, 'NOT_ATTEMPTED', '2024-06-05 16:10:01.970294', 0, '{}', '{}', 0, 14, NULL, NULL);
INSERT INTO public.county_dashboard (id, audit_board_count, driving_contests, audit_timestamp, audited_prefix_length, audited_sample_count, ballots_audited, ballots_in_manifest, current_round_index, cvr_import_error_message, cvr_import_state, cvr_import_timestamp, cvrs_imported, disagreements, discrepancies, version, county_id, cvr_file_id, manifest_file_id) VALUES (58, NULL, '[]', NULL, NULL, NULL, 0, 0, NULL, NULL, 'NOT_ATTEMPTED', '2024-06-05 16:10:01.974075', 0, '{}', '{}', 0, 58, NULL, NULL);
INSERT INTO public.county_dashboard (id, audit_board_count, driving_contests, audit_timestamp, audited_prefix_length, audited_sample_count, ballots_audited, ballots_in_manifest, current_round_index, cvr_import_error_message, cvr_import_state, cvr_import_timestamp, cvrs_imported, disagreements, discrepancies, version, county_id, cvr_file_id, manifest_file_id) VALUES (15, NULL, '[]', NULL, NULL, NULL, 0, 0, NULL, NULL, 'NOT_ATTEMPTED', '2024-06-05 16:10:01.978389', 0, '{}', '{}', 0, 15, NULL, NULL);
INSERT INTO public.county_dashboard (id, audit_board_count, driving_contests, audit_timestamp, audited_prefix_length, audited_sample_count, ballots_audited, ballots_in_manifest, current_round_index, cvr_import_error_message, cvr_import_state, cvr_import_timestamp, cvrs_imported, disagreements, discrepancies, version, county_id, cvr_file_id, manifest_file_id) VALUES (59, NULL, '[]', NULL, NULL, NULL, 0, 0, NULL, NULL, 'NOT_ATTEMPTED', '2024-06-05 16:10:01.982609', 0, '{}', '{}', 0, 59, NULL, NULL);
INSERT INTO public.county_dashboard (id, audit_board_count, driving_contests, audit_timestamp, audited_prefix_length, audited_sample_count, ballots_audited, ballots_in_manifest, current_round_index, cvr_import_error_message, cvr_import_state, cvr_import_timestamp, cvrs_imported, disagreements, discrepancies, version, county_id, cvr_file_id, manifest_file_id) VALUES (16, NULL, '[]', NULL, NULL, NULL, 0, 0, NULL, NULL, 'NOT_ATTEMPTED', '2024-06-05 16:10:01.9864', 0, '{}', '{}', 0, 16, NULL, NULL);
INSERT INTO public.county_dashboard (id, audit_board_count, driving_contests, audit_timestamp, audited_prefix_length, audited_sample_count, ballots_audited, ballots_in_manifest, current_round_index, cvr_import_error_message, cvr_import_state, cvr_import_timestamp, cvrs_imported, disagreements, discrepancies, version, county_id, cvr_file_id, manifest_file_id) VALUES (17, NULL, '[]', NULL, NULL, NULL, 0, 0, NULL, NULL, 'NOT_ATTEMPTED', '2024-06-05 16:10:01.990747', 0, '{}', '{}', 0, 17, NULL, NULL);
INSERT INTO public.county_dashboard (id, audit_board_count, driving_contests, audit_timestamp, audited_prefix_length, audited_sample_count, ballots_audited, ballots_in_manifest, current_round_index, cvr_import_error_message, cvr_import_state, cvr_import_timestamp, cvrs_imported, disagreements, discrepancies, version, county_id, cvr_file_id, manifest_file_id) VALUES (18, NULL, '[]', NULL, NULL, NULL, 0, 0, NULL, NULL, 'NOT_ATTEMPTED', '2024-06-05 16:10:01.994852', 0, '{}', '{}', 0, 18, NULL, NULL);
INSERT INTO public.county_dashboard (id, audit_board_count, driving_contests, audit_timestamp, audited_prefix_length, audited_sample_count, ballots_audited, ballots_in_manifest, current_round_index, cvr_import_error_message, cvr_import_state, cvr_import_timestamp, cvrs_imported, disagreements, discrepancies, version, county_id, cvr_file_id, manifest_file_id) VALUES (19, NULL, '[]', NULL, NULL, NULL, 0, 0, NULL, NULL, 'NOT_ATTEMPTED', '2024-06-05 16:10:01.998974', 0, '{}', '{}', 0, 19, NULL, NULL);
INSERT INTO public.county_dashboard (id, audit_board_count, driving_contests, audit_timestamp, audited_prefix_length, audited_sample_count, ballots_audited, ballots_in_manifest, current_round_index, cvr_import_error_message, cvr_import_state, cvr_import_timestamp, cvrs_imported, disagreements, discrepancies, version, county_id, cvr_file_id, manifest_file_id) VALUES (2, NULL, '[]', NULL, NULL, NULL, 0, 0, NULL, NULL, 'NOT_ATTEMPTED', '2024-06-05 16:10:02.007701', 0, '{}', '{}', 0, 2, NULL, NULL);
INSERT INTO public.county_dashboard (id, audit_board_count, driving_contests, audit_timestamp, audited_prefix_length, audited_sample_count, ballots_audited, ballots_in_manifest, current_round_index, cvr_import_error_message, cvr_import_state, cvr_import_timestamp, cvrs_imported, disagreements, discrepancies, version, county_id, cvr_file_id, manifest_file_id) VALUES (3, NULL, '[]', NULL, NULL, NULL, 0, 0, NULL, NULL, 'NOT_ATTEMPTED', '2024-06-05 16:10:02.011965', 0, '{}', '{}', 0, 3, NULL, NULL);
INSERT INTO public.county_dashboard (id, audit_board_count, driving_contests, audit_timestamp, audited_prefix_length, audited_sample_count, ballots_audited, ballots_in_manifest, current_round_index, cvr_import_error_message, cvr_import_state, cvr_import_timestamp, cvrs_imported, disagreements, discrepancies, version, county_id, cvr_file_id, manifest_file_id) VALUES (4, NULL, '[]', NULL, NULL, NULL, 0, 0, NULL, NULL, 'NOT_ATTEMPTED', '2024-06-05 16:10:02.016309', 0, '{}', '{}', 0, 4, NULL, NULL);
INSERT INTO public.county_dashboard (id, audit_board_count, driving_contests, audit_timestamp, audited_prefix_length, audited_sample_count, ballots_audited, ballots_in_manifest, current_round_index, cvr_import_error_message, cvr_import_state, cvr_import_timestamp, cvrs_imported, disagreements, discrepancies, version, county_id, cvr_file_id, manifest_file_id) VALUES (5, NULL, '[]', NULL, NULL, NULL, 0, 0, NULL, NULL, 'NOT_ATTEMPTED', '2024-06-05 16:10:02.020429', 0, '{}', '{}', 0, 5, NULL, NULL);
INSERT INTO public.county_dashboard (id, audit_board_count, driving_contests, audit_timestamp, audited_prefix_length, audited_sample_count, ballots_audited, ballots_in_manifest, current_round_index, cvr_import_error_message, cvr_import_state, cvr_import_timestamp, cvrs_imported, disagreements, discrepancies, version, county_id, cvr_file_id, manifest_file_id) VALUES (6, NULL, '[]', NULL, NULL, NULL, 0, 0, NULL, NULL, 'NOT_ATTEMPTED', '2024-06-05 16:10:02.025741', 0, '{}', '{}', 0, 6, NULL, NULL);
INSERT INTO public.county_dashboard (id, audit_board_count, driving_contests, audit_timestamp, audited_prefix_length, audited_sample_count, ballots_audited, ballots_in_manifest, current_round_index, cvr_import_error_message, cvr_import_state, cvr_import_timestamp, cvrs_imported, disagreements, discrepancies, version, county_id, cvr_file_id, manifest_file_id) VALUES (7, NULL, '[]', NULL, NULL, NULL, 0, 0, NULL, NULL, 'NOT_ATTEMPTED', '2024-06-05 16:10:02.029951', 0, '{}', '{}', 0, 7, NULL, NULL);
INSERT INTO public.county_dashboard (id, audit_board_count, driving_contests, audit_timestamp, audited_prefix_length, audited_sample_count, ballots_audited, ballots_in_manifest, current_round_index, cvr_import_error_message, cvr_import_state, cvr_import_timestamp, cvrs_imported, disagreements, discrepancies, version, county_id, cvr_file_id, manifest_file_id) VALUES (8, NULL, '[]', NULL, NULL, NULL, 0, 0, NULL, NULL, 'NOT_ATTEMPTED', '2024-06-05 16:10:02.034429', 0, '{}', '{}', 0, 8, NULL, NULL);
INSERT INTO public.county_dashboard (id, audit_board_count, driving_contests, audit_timestamp, audited_prefix_length, audited_sample_count, ballots_audited, ballots_in_manifest, current_round_index, cvr_import_error_message, cvr_import_state, cvr_import_timestamp, cvrs_imported, disagreements, discrepancies, version, county_id, cvr_file_id, manifest_file_id) VALUES (9, NULL, '[]', NULL, NULL, NULL, 0, 0, NULL, NULL, 'NOT_ATTEMPTED', '2024-06-05 16:10:02.038766', 0, '{}', '{}', 0, 9, NULL, NULL);
INSERT INTO public.county_dashboard (id, audit_board_count, driving_contests, audit_timestamp, audited_prefix_length, audited_sample_count, ballots_audited, ballots_in_manifest, current_round_index, cvr_import_error_message, cvr_import_state, cvr_import_timestamp, cvrs_imported, disagreements, discrepancies, version, county_id, cvr_file_id, manifest_file_id) VALUES (60, NULL, '[]', NULL, NULL, NULL, 0, 0, NULL, NULL, 'NOT_ATTEMPTED', '2024-06-05 16:10:02.042957', 0, '{}', '{}', 0, 60, NULL, NULL);
INSERT INTO public.county_dashboard (id, audit_board_count, driving_contests, audit_timestamp, audited_prefix_length, audited_sample_count, ballots_audited, ballots_in_manifest, current_round_index, cvr_import_error_message, cvr_import_state, cvr_import_timestamp, cvrs_imported, disagreements, discrepancies, version, county_id, cvr_file_id, manifest_file_id) VALUES (61, NULL, '[]', NULL, NULL, NULL, 0, 0, NULL, NULL, 'NOT_ATTEMPTED', '2024-06-05 16:10:02.047306', 0, '{}', '{}', 0, 61, NULL, NULL);
INSERT INTO public.county_dashboard (id, audit_board_count, driving_contests, audit_timestamp, audited_prefix_length, audited_sample_count, ballots_audited, ballots_in_manifest, current_round_index, cvr_import_error_message, cvr_import_state, cvr_import_timestamp, cvrs_imported, disagreements, discrepancies, version, county_id, cvr_file_id, manifest_file_id) VALUES (62, NULL, '[]', NULL, NULL, NULL, 0, 0, NULL, NULL, 'NOT_ATTEMPTED', '2024-06-05 16:10:02.051943', 0, '{}', '{}', 0, 62, NULL, NULL);
INSERT INTO public.county_dashboard (id, audit_board_count, driving_contests, audit_timestamp, audited_prefix_length, audited_sample_count, ballots_audited, ballots_in_manifest, current_round_index, cvr_import_error_message, cvr_import_state, cvr_import_timestamp, cvrs_imported, disagreements, discrepancies, version, county_id, cvr_file_id, manifest_file_id) VALUES (63, NULL, '[]', NULL, NULL, NULL, 0, 0, NULL, NULL, 'NOT_ATTEMPTED', '2024-06-05 16:10:02.056411', 0, '{}', '{}', 0, 63, NULL, NULL);
INSERT INTO public.county_dashboard (id, audit_board_count, driving_contests, audit_timestamp, audited_prefix_length, audited_sample_count, ballots_audited, ballots_in_manifest, current_round_index, cvr_import_error_message, cvr_import_state, cvr_import_timestamp, cvrs_imported, disagreements, discrepancies, version, county_id, cvr_file_id, manifest_file_id) VALUES (20, NULL, '[]', NULL, NULL, NULL, 0, 0, NULL, NULL, 'NOT_ATTEMPTED', '2024-06-05 16:10:02.060835', 0, '{}', '{}', 0, 20, NULL, NULL);
INSERT INTO public.county_dashboard (id, audit_board_count, driving_contests, audit_timestamp, audited_prefix_length, audited_sample_count, ballots_audited, ballots_in_manifest, current_round_index, cvr_import_error_message, cvr_import_state, cvr_import_timestamp, cvrs_imported, disagreements, discrepancies, version, county_id, cvr_file_id, manifest_file_id) VALUES (64, NULL, '[]', NULL, NULL, NULL, 0, 0, NULL, NULL, 'NOT_ATTEMPTED', '2024-06-05 16:10:02.064731', 0, '{}', '{}', 0, 64, NULL, NULL);
INSERT INTO public.county_dashboard (id, audit_board_count, driving_contests, audit_timestamp, audited_prefix_length, audited_sample_count, ballots_audited, ballots_in_manifest, current_round_index, cvr_import_error_message, cvr_import_state, cvr_import_timestamp, cvrs_imported, disagreements, discrepancies, version, county_id, cvr_file_id, manifest_file_id) VALUES (21, NULL, '[]', NULL, NULL, NULL, 0, 0, NULL, NULL, 'NOT_ATTEMPTED', '2024-06-05 16:10:02.068753', 0, '{}', '{}', 0, 21, NULL, NULL);
INSERT INTO public.county_dashboard (id, audit_board_count, driving_contests, audit_timestamp, audited_prefix_length, audited_sample_count, ballots_audited, ballots_in_manifest, current_round_index, cvr_import_error_message, cvr_import_state, cvr_import_timestamp, cvrs_imported, disagreements, discrepancies, version, county_id, cvr_file_id, manifest_file_id) VALUES (22, NULL, '[]', NULL, NULL, NULL, 0, 0, NULL, NULL, 'NOT_ATTEMPTED', '2024-06-05 16:10:02.073424', 0, '{}', '{}', 0, 22, NULL, NULL);
INSERT INTO public.county_dashboard (id, audit_board_count, driving_contests, audit_timestamp, audited_prefix_length, audited_sample_count, ballots_audited, ballots_in_manifest, current_round_index, cvr_import_error_message, cvr_import_state, cvr_import_timestamp, cvrs_imported, disagreements, discrepancies, version, county_id, cvr_file_id, manifest_file_id) VALUES (23, NULL, '[]', NULL, NULL, NULL, 0, 0, NULL, NULL, 'NOT_ATTEMPTED', '2024-06-05 16:10:02.078047', 0, '{}', '{}', 0, 23, NULL, NULL);
INSERT INTO public.county_dashboard (id, audit_board_count, driving_contests, audit_timestamp, audited_prefix_length, audited_sample_count, ballots_audited, ballots_in_manifest, current_round_index, cvr_import_error_message, cvr_import_state, cvr_import_timestamp, cvrs_imported, disagreements, discrepancies, version, county_id, cvr_file_id, manifest_file_id) VALUES (24, NULL, '[]', NULL, NULL, NULL, 0, 0, NULL, NULL, 'NOT_ATTEMPTED', '2024-06-05 16:10:02.082284', 0, '{}', '{}', 0, 24, NULL, NULL);
INSERT INTO public.county_dashboard (id, audit_board_count, driving_contests, audit_timestamp, audited_prefix_length, audited_sample_count, ballots_audited, ballots_in_manifest, current_round_index, cvr_import_error_message, cvr_import_state, cvr_import_timestamp, cvrs_imported, disagreements, discrepancies, version, county_id, cvr_file_id, manifest_file_id) VALUES (25, NULL, '[]', NULL, NULL, NULL, 0, 0, NULL, NULL, 'NOT_ATTEMPTED', '2024-06-05 16:10:02.08637', 0, '{}', '{}', 0, 25, NULL, NULL);
INSERT INTO public.county_dashboard (id, audit_board_count, driving_contests, audit_timestamp, audited_prefix_length, audited_sample_count, ballots_audited, ballots_in_manifest, current_round_index, cvr_import_error_message, cvr_import_state, cvr_import_timestamp, cvrs_imported, disagreements, discrepancies, version, county_id, cvr_file_id, manifest_file_id) VALUES (26, NULL, '[]', NULL, NULL, NULL, 0, 0, NULL, NULL, 'NOT_ATTEMPTED', '2024-06-05 16:10:02.090554', 0, '{}', '{}', 0, 26, NULL, NULL);
INSERT INTO public.county_dashboard (id, audit_board_count, driving_contests, audit_timestamp, audited_prefix_length, audited_sample_count, ballots_audited, ballots_in_manifest, current_round_index, cvr_import_error_message, cvr_import_state, cvr_import_timestamp, cvrs_imported, disagreements, discrepancies, version, county_id, cvr_file_id, manifest_file_id) VALUES (27, NULL, '[]', NULL, NULL, NULL, 0, 0, NULL, NULL, 'NOT_ATTEMPTED', '2024-06-05 16:10:02.094556', 0, '{}', '{}', 0, 27, NULL, NULL);
INSERT INTO public.county_dashboard (id, audit_board_count, driving_contests, audit_timestamp, audited_prefix_length, audited_sample_count, ballots_audited, ballots_in_manifest, current_round_index, cvr_import_error_message, cvr_import_state, cvr_import_timestamp, cvrs_imported, disagreements, discrepancies, version, county_id, cvr_file_id, manifest_file_id) VALUES (28, NULL, '[]', NULL, NULL, NULL, 0, 0, NULL, NULL, 'NOT_ATTEMPTED', '2024-06-05 16:10:02.098595', 0, '{}', '{}', 0, 28, NULL, NULL);
INSERT INTO public.county_dashboard (id, audit_board_count, driving_contests, audit_timestamp, audited_prefix_length, audited_sample_count, ballots_audited, ballots_in_manifest, current_round_index, cvr_import_error_message, cvr_import_state, cvr_import_timestamp, cvrs_imported, disagreements, discrepancies, version, county_id, cvr_file_id, manifest_file_id) VALUES (29, NULL, '[]', NULL, NULL, NULL, 0, 0, NULL, NULL, 'NOT_ATTEMPTED', '2024-06-05 16:10:02.102622', 0, '{}', '{}', 0, 29, NULL, NULL);
INSERT INTO public.county_dashboard (id, audit_board_count, driving_contests, audit_timestamp, audited_prefix_length, audited_sample_count, ballots_audited, ballots_in_manifest, current_round_index, cvr_import_error_message, cvr_import_state, cvr_import_timestamp, cvrs_imported, disagreements, discrepancies, version, county_id, cvr_file_id, manifest_file_id) VALUES (30, NULL, '[]', NULL, NULL, NULL, 0, 0, NULL, NULL, 'NOT_ATTEMPTED', '2024-06-05 16:10:02.106647', 0, '{}', '{}', 0, 30, NULL, NULL);
INSERT INTO public.county_dashboard (id, audit_board_count, driving_contests, audit_timestamp, audited_prefix_length, audited_sample_count, ballots_audited, ballots_in_manifest, current_round_index, cvr_import_error_message, cvr_import_state, cvr_import_timestamp, cvrs_imported, disagreements, discrepancies, version, county_id, cvr_file_id, manifest_file_id) VALUES (31, NULL, '[]', NULL, NULL, NULL, 0, 0, NULL, NULL, 'NOT_ATTEMPTED', '2024-06-05 16:10:02.110718', 0, '{}', '{}', 0, 31, NULL, NULL);
INSERT INTO public.county_dashboard (id, audit_board_count, driving_contests, audit_timestamp, audited_prefix_length, audited_sample_count, ballots_audited, ballots_in_manifest, current_round_index, cvr_import_error_message, cvr_import_state, cvr_import_timestamp, cvrs_imported, disagreements, discrepancies, version, county_id, cvr_file_id, manifest_file_id) VALUES (32, NULL, '[]', NULL, NULL, NULL, 0, 0, NULL, NULL, 'NOT_ATTEMPTED', '2024-06-05 16:10:02.114617', 0, '{}', '{}', 0, 32, NULL, NULL);
INSERT INTO public.county_dashboard (id, audit_board_count, driving_contests, audit_timestamp, audited_prefix_length, audited_sample_count, ballots_audited, ballots_in_manifest, current_round_index, cvr_import_error_message, cvr_import_state, cvr_import_timestamp, cvrs_imported, disagreements, discrepancies, version, county_id, cvr_file_id, manifest_file_id) VALUES (33, NULL, '[]', NULL, NULL, NULL, 0, 0, NULL, NULL, 'NOT_ATTEMPTED', '2024-06-05 16:10:02.118543', 0, '{}', '{}', 0, 33, NULL, NULL);
INSERT INTO public.county_dashboard (id, audit_board_count, driving_contests, audit_timestamp, audited_prefix_length, audited_sample_count, ballots_audited, ballots_in_manifest, current_round_index, cvr_import_error_message, cvr_import_state, cvr_import_timestamp, cvrs_imported, disagreements, discrepancies, version, county_id, cvr_file_id, manifest_file_id) VALUES (34, NULL, '[]', NULL, NULL, NULL, 0, 0, NULL, NULL, 'NOT_ATTEMPTED', '2024-06-05 16:10:02.122478', 0, '{}', '{}', 0, 34, NULL, NULL);
INSERT INTO public.county_dashboard (id, audit_board_count, driving_contests, audit_timestamp, audited_prefix_length, audited_sample_count, ballots_audited, ballots_in_manifest, current_round_index, cvr_import_error_message, cvr_import_state, cvr_import_timestamp, cvrs_imported, disagreements, discrepancies, version, county_id, cvr_file_id, manifest_file_id) VALUES (35, NULL, '[]', NULL, NULL, NULL, 0, 0, NULL, NULL, 'NOT_ATTEMPTED', '2024-06-05 16:10:02.126505', 0, '{}', '{}', 0, 35, NULL, NULL);
INSERT INTO public.county_dashboard (id, audit_board_count, driving_contests, audit_timestamp, audited_prefix_length, audited_sample_count, ballots_audited, ballots_in_manifest, current_round_index, cvr_import_error_message, cvr_import_state, cvr_import_timestamp, cvrs_imported, disagreements, discrepancies, version, county_id, cvr_file_id, manifest_file_id) VALUES (36, NULL, '[]', NULL, NULL, NULL, 0, 0, NULL, NULL, 'NOT_ATTEMPTED', '2024-06-05 16:10:02.130361', 0, '{}', '{}', 0, 36, NULL, NULL);
INSERT INTO public.county_dashboard (id, audit_board_count, driving_contests, audit_timestamp, audited_prefix_length, audited_sample_count, ballots_audited, ballots_in_manifest, current_round_index, cvr_import_error_message, cvr_import_state, cvr_import_timestamp, cvrs_imported, disagreements, discrepancies, version, county_id, cvr_file_id, manifest_file_id) VALUES (37, NULL, '[]', NULL, NULL, NULL, 0, 0, NULL, NULL, 'NOT_ATTEMPTED', '2024-06-05 16:10:02.134456', 0, '{}', '{}', 0, 37, NULL, NULL);
INSERT INTO public.county_dashboard (id, audit_board_count, driving_contests, audit_timestamp, audited_prefix_length, audited_sample_count, ballots_audited, ballots_in_manifest, current_round_index, cvr_import_error_message, cvr_import_state, cvr_import_timestamp, cvrs_imported, disagreements, discrepancies, version, county_id, cvr_file_id, manifest_file_id) VALUES (38, NULL, '[]', NULL, NULL, NULL, 0, 0, NULL, NULL, 'NOT_ATTEMPTED', '2024-06-05 16:10:02.138468', 0, '{}', '{}', 0, 38, NULL, NULL);
INSERT INTO public.county_dashboard (id, audit_board_count, driving_contests, audit_timestamp, audited_prefix_length, audited_sample_count, ballots_audited, ballots_in_manifest, current_round_index, cvr_import_error_message, cvr_import_state, cvr_import_timestamp, cvrs_imported, disagreements, discrepancies, version, county_id, cvr_file_id, manifest_file_id) VALUES (39, NULL, '[]', NULL, NULL, NULL, 0, 0, NULL, NULL, 'NOT_ATTEMPTED', '2024-06-05 16:10:02.14244', 0, '{}', '{}', 0, 39, NULL, NULL);
INSERT INTO public.county_dashboard (id, audit_board_count, driving_contests, audit_timestamp, audited_prefix_length, audited_sample_count, ballots_audited, ballots_in_manifest, current_round_index, cvr_import_error_message, cvr_import_state, cvr_import_timestamp, cvrs_imported, disagreements, discrepancies, version, county_id, cvr_file_id, manifest_file_id) VALUES (40, NULL, '[]', NULL, NULL, NULL, 0, 0, NULL, NULL, 'NOT_ATTEMPTED', '2024-06-05 16:10:02.146486', 0, '{}', '{}', 0, 40, NULL, NULL);
INSERT INTO public.county_dashboard (id, audit_board_count, driving_contests, audit_timestamp, audited_prefix_length, audited_sample_count, ballots_audited, ballots_in_manifest, current_round_index, cvr_import_error_message, cvr_import_state, cvr_import_timestamp, cvrs_imported, disagreements, discrepancies, version, county_id, cvr_file_id, manifest_file_id) VALUES (41, NULL, '[]', NULL, NULL, NULL, 0, 0, NULL, NULL, 'NOT_ATTEMPTED', '2024-06-05 16:10:02.150592', 0, '{}', '{}', 0, 41, NULL, NULL);
INSERT INTO public.county_dashboard (id, audit_board_count, driving_contests, audit_timestamp, audited_prefix_length, audited_sample_count, ballots_audited, ballots_in_manifest, current_round_index, cvr_import_error_message, cvr_import_state, cvr_import_timestamp, cvrs_imported, disagreements, discrepancies, version, county_id, cvr_file_id, manifest_file_id) VALUES (42, NULL, '[]', NULL, NULL, NULL, 0, 0, NULL, NULL, 'NOT_ATTEMPTED', '2024-06-05 16:10:02.154801', 0, '{}', '{}', 0, 42, NULL, NULL);
INSERT INTO public.county_dashboard (id, audit_board_count, driving_contests, audit_timestamp, audited_prefix_length, audited_sample_count, ballots_audited, ballots_in_manifest, current_round_index, cvr_import_error_message, cvr_import_state, cvr_import_timestamp, cvrs_imported, disagreements, discrepancies, version, county_id, cvr_file_id, manifest_file_id) VALUES (43, NULL, '[]', NULL, NULL, NULL, 0, 0, NULL, NULL, 'NOT_ATTEMPTED', '2024-06-05 16:10:02.159136', 0, '{}', '{}', 0, 43, NULL, NULL);

--
-- Data for Name: dos_dashboard; Type: TABLE DATA; Schema: public; Owner: corlaadmin
--

INSERT INTO public.dos_dashboard (id, canonical_choices, canonical_contests, election_date, election_type, public_meeting_date, risk_limit, seed, version) VALUES (0, '{}', '{}', NULL, NULL, NULL, NULL, NULL, 0);

--
-- Data for Name: administrator; Type: TABLE DATA; Schema: public; Owner: corlaadmin
--

INSERT INTO public.administrator (id, full_name, last_login_time, last_logout_time, type, username, version, county_id) VALUES (-1, 'State Administrator 1', NULL, NULL, 'STATE', 'stateadmin1', 0, NULL);
INSERT INTO public.administrator (id, full_name, last_login_time, last_logout_time, type, username, version, county_id) VALUES (-2, 'State Administrator 2', NULL, NULL, 'STATE', 'stateadmin2', 0, NULL);
INSERT INTO public.administrator (id, full_name, last_login_time, last_logout_time, type, username, version, county_id) VALUES (-3, 'State Administrator 3', NULL, NULL, 'STATE', 'stateadmin3', 0, NULL);
INSERT INTO public.administrator (id, full_name, last_login_time, last_logout_time, type, username, version, county_id) VALUES (-4, 'State Administrator 4', NULL, NULL, 'STATE', 'stateadmin4', 0, NULL);
INSERT INTO public.administrator (id, full_name, last_login_time, last_logout_time, type, username, version, county_id) VALUES (-5, 'State Administrator 5', NULL, NULL, 'STATE', 'stateadmin5', 0, NULL);
INSERT INTO public.administrator (id, full_name, last_login_time, last_logout_time, type, username, version, county_id) VALUES (-6, 'State Administrator 6', NULL, NULL, 'STATE', 'stateadmin6', 0, NULL);
INSERT INTO public.administrator (id, full_name, last_login_time, last_logout_time, type, username, version, county_id) VALUES (-7, 'State Administrator 7', NULL, NULL, 'STATE', 'stateadmin7', 0, NULL);
INSERT INTO public.administrator (id, full_name, last_login_time, last_logout_time, type, username, version, county_id) VALUES (-8, 'State Administrator 8', NULL, NULL, 'STATE', 'stateadmin8', 0, NULL);
INSERT INTO public.administrator (id, full_name, last_login_time, last_logout_time, type, username, version, county_id) VALUES (-101, 'County Administrator 1', NULL, NULL, 'COUNTY', 'countyadmin1', 0, 1);
INSERT INTO public.administrator (id, full_name, last_login_time, last_logout_time, type, username, version, county_id) VALUES (-102, 'County Administrator 2', NULL, NULL, 'COUNTY', 'countyadmin2', 0, 2);
INSERT INTO public.administrator (id, full_name, last_login_time, last_logout_time, type, username, version, county_id) VALUES (-103, 'County Administrator 3', NULL, NULL, 'COUNTY', 'countyadmin3', 0, 3);
INSERT INTO public.administrator (id, full_name, last_login_time, last_logout_time, type, username, version, county_id) VALUES (-104, 'County Administrator 4', NULL, NULL, 'COUNTY', 'countyadmin4', 0, 4);
INSERT INTO public.administrator (id, full_name, last_login_time, last_logout_time, type, username, version, county_id) VALUES (-105, 'County Administrator 5', NULL, NULL, 'COUNTY', 'countyadmin5', 0, 5);
INSERT INTO public.administrator (id, full_name, last_login_time, last_logout_time, type, username, version, county_id) VALUES (-106, 'County Administrator 6', NULL, NULL, 'COUNTY', 'countyadmin6', 0, 6);
INSERT INTO public.administrator (id, full_name, last_login_time, last_logout_time, type, username, version, county_id) VALUES (-107, 'County Administrator 7', NULL, NULL, 'COUNTY', 'countyadmin7', 0, 7);
INSERT INTO public.administrator (id, full_name, last_login_time, last_logout_time, type, username, version, county_id) VALUES (-108, 'County Administrator 8', NULL, NULL, 'COUNTY', 'countyadmin8', 0, 8);
INSERT INTO public.administrator (id, full_name, last_login_time, last_logout_time, type, username, version, county_id) VALUES (-109, 'County Administrator 9', NULL, NULL, 'COUNTY', 'countyadmin9', 0, 9);
INSERT INTO public.administrator (id, full_name, last_login_time, last_logout_time, type, username, version, county_id) VALUES (-110, 'County Administrator 10', NULL, NULL, 'COUNTY', 'countyadmin10', 0, 10);
INSERT INTO public.administrator (id, full_name, last_login_time, last_logout_time, type, username, version, county_id) VALUES (-111, 'County Administrator 11', NULL, NULL, 'COUNTY', 'countyadmin11', 0, 11);
INSERT INTO public.administrator (id, full_name, last_login_time, last_logout_time, type, username, version, county_id) VALUES (-112, 'County Administrator 12', NULL, NULL, 'COUNTY', 'countyadmin12', 0, 12);
INSERT INTO public.administrator (id, full_name, last_login_time, last_logout_time, type, username, version, county_id) VALUES (-113, 'County Administrator 13', NULL, NULL, 'COUNTY', 'countyadmin13', 0, 13);
INSERT INTO public.administrator (id, full_name, last_login_time, last_logout_time, type, username, version, county_id) VALUES (-114, 'County Administrator 14', NULL, NULL, 'COUNTY', 'countyadmin14', 0, 14);
INSERT INTO public.administrator (id, full_name, last_login_time, last_logout_time, type, username, version, county_id) VALUES (-115, 'County Administrator 15', NULL, NULL, 'COUNTY', 'countyadmin15', 0, 15);
INSERT INTO public.administrator (id, full_name, last_login_time, last_logout_time, type, username, version, county_id) VALUES (-116, 'County Administrator 16', NULL, NULL, 'COUNTY', 'countyadmin16', 0, 16);
INSERT INTO public.administrator (id, full_name, last_login_time, last_logout_time, type, username, version, county_id) VALUES (-117, 'County Administrator 17', NULL, NULL, 'COUNTY', 'countyadmin17', 0, 17);
INSERT INTO public.administrator (id, full_name, last_login_time, last_logout_time, type, username, version, county_id) VALUES (-118, 'County Administrator 18', NULL, NULL, 'COUNTY', 'countyadmin18', 0, 18);
INSERT INTO public.administrator (id, full_name, last_login_time, last_logout_time, type, username, version, county_id) VALUES (-119, 'County Administrator 19', NULL, NULL, 'COUNTY', 'countyadmin19', 0, 19);
INSERT INTO public.administrator (id, full_name, last_login_time, last_logout_time, type, username, version, county_id) VALUES (-120, 'County Administrator 20', NULL, NULL, 'COUNTY', 'countyadmin20', 0, 20);
INSERT INTO public.administrator (id, full_name, last_login_time, last_logout_time, type, username, version, county_id) VALUES (-121, 'County Administrator 21', NULL, NULL, 'COUNTY', 'countyadmin21', 0, 21);
INSERT INTO public.administrator (id, full_name, last_login_time, last_logout_time, type, username, version, county_id) VALUES (-122, 'County Administrator 22', NULL, NULL, 'COUNTY', 'countyadmin22', 0, 22);
INSERT INTO public.administrator (id, full_name, last_login_time, last_logout_time, type, username, version, county_id) VALUES (-123, 'County Administrator 23', NULL, NULL, 'COUNTY', 'countyadmin23', 0, 23);
INSERT INTO public.administrator (id, full_name, last_login_time, last_logout_time, type, username, version, county_id) VALUES (-124, 'County Administrator 24', NULL, NULL, 'COUNTY', 'countyadmin24', 0, 24);
INSERT INTO public.administrator (id, full_name, last_login_time, last_logout_time, type, username, version, county_id) VALUES (-125, 'County Administrator 25', NULL, NULL, 'COUNTY', 'countyadmin25', 0, 25);
INSERT INTO public.administrator (id, full_name, last_login_time, last_logout_time, type, username, version, county_id) VALUES (-126, 'County Administrator 26', NULL, NULL, 'COUNTY', 'countyadmin26', 0, 26);
INSERT INTO public.administrator (id, full_name, last_login_time, last_logout_time, type, username, version, county_id) VALUES (-127, 'County Administrator 27', NULL, NULL, 'COUNTY', 'countyadmin27', 0, 27);
INSERT INTO public.administrator (id, full_name, last_login_time, last_logout_time, type, username, version, county_id) VALUES (-128, 'County Administrator 28', NULL, NULL, 'COUNTY', 'countyadmin28', 0, 28);
INSERT INTO public.administrator (id, full_name, last_login_time, last_logout_time, type, username, version, county_id) VALUES (-129, 'County Administrator 29', NULL, NULL, 'COUNTY', 'countyadmin29', 0, 29);
INSERT INTO public.administrator (id, full_name, last_login_time, last_logout_time, type, username, version, county_id) VALUES (-130, 'County Administrator 30', NULL, NULL, 'COUNTY', 'countyadmin30', 0, 30);
INSERT INTO public.administrator (id, full_name, last_login_time, last_logout_time, type, username, version, county_id) VALUES (-131, 'County Administrator 31', NULL, NULL, 'COUNTY', 'countyadmin31', 0, 31);
INSERT INTO public.administrator (id, full_name, last_login_time, last_logout_time, type, username, version, county_id) VALUES (-132, 'County Administrator 32', NULL, NULL, 'COUNTY', 'countyadmin32', 0, 32);
INSERT INTO public.administrator (id, full_name, last_login_time, last_logout_time, type, username, version, county_id) VALUES (-133, 'County Administrator 33', NULL, NULL, 'COUNTY', 'countyadmin33', 0, 33);
INSERT INTO public.administrator (id, full_name, last_login_time, last_logout_time, type, username, version, county_id) VALUES (-134, 'County Administrator 34', NULL, NULL, 'COUNTY', 'countyadmin34', 0, 34);
INSERT INTO public.administrator (id, full_name, last_login_time, last_logout_time, type, username, version, county_id) VALUES (-135, 'County Administrator 35', NULL, NULL, 'COUNTY', 'countyadmin35', 0, 35);
INSERT INTO public.administrator (id, full_name, last_login_time, last_logout_time, type, username, version, county_id) VALUES (-136, 'County Administrator 36', NULL, NULL, 'COUNTY', 'countyadmin36', 0, 36);
INSERT INTO public.administrator (id, full_name, last_login_time, last_logout_time, type, username, version, county_id) VALUES (-137, 'County Administrator 37', NULL, NULL, 'COUNTY', 'countyadmin37', 0, 37);
INSERT INTO public.administrator (id, full_name, last_login_time, last_logout_time, type, username, version, county_id) VALUES (-138, 'County Administrator 38', NULL, NULL, 'COUNTY', 'countyadmin38', 0, 38);
INSERT INTO public.administrator (id, full_name, last_login_time, last_logout_time, type, username, version, county_id) VALUES (-139, 'County Administrator 39', NULL, NULL, 'COUNTY', 'countyadmin39', 0, 39);
INSERT INTO public.administrator (id, full_name, last_login_time, last_logout_time, type, username, version, county_id) VALUES (-140, 'County Administrator 40', NULL, NULL, 'COUNTY', 'countyadmin40', 0, 40);
INSERT INTO public.administrator (id, full_name, last_login_time, last_logout_time, type, username, version, county_id) VALUES (-141, 'County Administrator 41', NULL, NULL, 'COUNTY', 'countyadmin41', 0, 41);
INSERT INTO public.administrator (id, full_name, last_login_time, last_logout_time, type, username, version, county_id) VALUES (-142, 'County Administrator 42', NULL, NULL, 'COUNTY', 'countyadmin42', 0, 42);
INSERT INTO public.administrator (id, full_name, last_login_time, last_logout_time, type, username, version, county_id) VALUES (-143, 'County Administrator 43', NULL, NULL, 'COUNTY', 'countyadmin43', 0, 43);
INSERT INTO public.administrator (id, full_name, last_login_time, last_logout_time, type, username, version, county_id) VALUES (-144, 'County Administrator 44', NULL, NULL, 'COUNTY', 'countyadmin44', 0, 44);
INSERT INTO public.administrator (id, full_name, last_login_time, last_logout_time, type, username, version, county_id) VALUES (-145, 'County Administrator 45', NULL, NULL, 'COUNTY', 'countyadmin45', 0, 45);
INSERT INTO public.administrator (id, full_name, last_login_time, last_logout_time, type, username, version, county_id) VALUES (-146, 'County Administrator 46', NULL, NULL, 'COUNTY', 'countyadmin46', 0, 46);
INSERT INTO public.administrator (id, full_name, last_login_time, last_logout_time, type, username, version, county_id) VALUES (-147, 'County Administrator 47', NULL, NULL, 'COUNTY', 'countyadmin47', 0, 47);
INSERT INTO public.administrator (id, full_name, last_login_time, last_logout_time, type, username, version, county_id) VALUES (-148, 'County Administrator 48', NULL, NULL, 'COUNTY', 'countyadmin48', 0, 48);
INSERT INTO public.administrator (id, full_name, last_login_time, last_logout_time, type, username, version, county_id) VALUES (-149, 'County Administrator 49', NULL, NULL, 'COUNTY', 'countyadmin49', 0, 49);
INSERT INTO public.administrator (id, full_name, last_login_time, last_logout_time, type, username, version, county_id) VALUES (-150, 'County Administrator 10', NULL, NULL, 'COUNTY', 'countyadmin50', 0, 50);
INSERT INTO public.administrator (id, full_name, last_login_time, last_logout_time, type, username, version, county_id) VALUES (-151, 'County Administrator 51', NULL, NULL, 'COUNTY', 'countyadmin51', 0, 51);
INSERT INTO public.administrator (id, full_name, last_login_time, last_logout_time, type, username, version, county_id) VALUES (-152, 'County Administrator 52', NULL, NULL, 'COUNTY', 'countyadmin52', 0, 52);
INSERT INTO public.administrator (id, full_name, last_login_time, last_logout_time, type, username, version, county_id) VALUES (-153, 'County Administrator 53', NULL, NULL, 'COUNTY', 'countyadmin53', 0, 53);
INSERT INTO public.administrator (id, full_name, last_login_time, last_logout_time, type, username, version, county_id) VALUES (-154, 'County Administrator 54', NULL, NULL, 'COUNTY', 'countyadmin54', 0, 54);
INSERT INTO public.administrator (id, full_name, last_login_time, last_logout_time, type, username, version, county_id) VALUES (-155, 'County Administrator 55', NULL, NULL, 'COUNTY', 'countyadmin55', 0, 55);
INSERT INTO public.administrator (id, full_name, last_login_time, last_logout_time, type, username, version, county_id) VALUES (-156, 'County Administrator 56', NULL, NULL, 'COUNTY', 'countyadmin56', 0, 56);
INSERT INTO public.administrator (id, full_name, last_login_time, last_logout_time, type, username, version, county_id) VALUES (-157, 'County Administrator 57', NULL, NULL, 'COUNTY', 'countyadmin57', 0, 57);
INSERT INTO public.administrator (id, full_name, last_login_time, last_logout_time, type, username, version, county_id) VALUES (-158, 'County Administrator 58', NULL, NULL, 'COUNTY', 'countyadmin58', 0, 58);
INSERT INTO public.administrator (id, full_name, last_login_time, last_logout_time, type, username, version, county_id) VALUES (-159, 'County Administrator 59', NULL, NULL, 'COUNTY', 'countyadmin59', 0, 59);
INSERT INTO public.administrator (id, full_name, last_login_time, last_logout_time, type, username, version, county_id) VALUES (-160, 'County Administrator 60', NULL, NULL, 'COUNTY', 'countyadmin60', 0, 60);
INSERT INTO public.administrator (id, full_name, last_login_time, last_logout_time, type, username, version, county_id) VALUES (-161, 'County Administrator 61', NULL, NULL, 'COUNTY', 'countyadmin61', 0, 61);
INSERT INTO public.administrator (id, full_name, last_login_time, last_logout_time, type, username, version, county_id) VALUES (-162, 'County Administrator 62', NULL, NULL, 'COUNTY', 'countyadmin62', 0, 62);
INSERT INTO public.administrator (id, full_name, last_login_time, last_logout_time, type, username, version, county_id) VALUES (-163, 'County Administrator 63', NULL, NULL, 'COUNTY', 'countyadmin63', 0, 63);
INSERT INTO public.administrator (id, full_name, last_login_time, last_logout_time, type, username, version, county_id) VALUES (-164, 'County Administrator 64', NULL, NULL, 'COUNTY', 'countyadmin64', 0, 64);