-- Super-simple dataset with one plurality contest and one IRV contest: TinyExample1 (IRV) and PluralityExample1.
--
-- Data for Name: cast_vote_record; Type: TABLE DATA; Schema: public; Owner: corlaadmin
--

INSERT INTO public.cast_vote_record (id, audit_board_index, comment, cvr_id, ballot_type, batch_id, county_id, cvr_number, imprinted_id, record_id, record_type, scanner_id, sequence_number, "timestamp", version, rand, revision, round_number, uri) VALUES (240509, NULL, NULL, NULL, 'Ballot 1 - Type 1', '1', 1, 1, '1-1-1', 1, 'UPLOADED', 1, 0, NULL, 0, NULL, NULL, NULL, 'cvr:1:1-1-1');
INSERT INTO public.cast_vote_record (id, audit_board_index, comment, cvr_id, ballot_type, batch_id, county_id, cvr_number, imprinted_id, record_id, record_type, scanner_id, sequence_number, "timestamp", version, rand, revision, round_number, uri) VALUES (240510, NULL, NULL, NULL, 'Ballot 1 - Type 1', '1', 1, 2, '1-1-2', 2, 'UPLOADED', 1, 1, NULL, 0, NULL, NULL, NULL, 'cvr:1:1-1-2');
INSERT INTO public.cast_vote_record (id, audit_board_index, comment, cvr_id, ballot_type, batch_id, county_id, cvr_number, imprinted_id, record_id, record_type, scanner_id, sequence_number, "timestamp", version, rand, revision, round_number, uri) VALUES (240511, NULL, NULL, NULL, 'Ballot 1 - Type 1', '1', 1, 3, '1-1-3', 3, 'UPLOADED', 1, 2, NULL, 0, NULL, NULL, NULL, 'cvr:1:1-1-3');
INSERT INTO public.cast_vote_record (id, audit_board_index, comment, cvr_id, ballot_type, batch_id, county_id, cvr_number, imprinted_id, record_id, record_type, scanner_id, sequence_number, "timestamp", version, rand, revision, round_number, uri) VALUES (240512, NULL, NULL, NULL, 'Ballot 1 - Type 1', '1', 1, 4, '1-1-4', 4, 'UPLOADED', 1, 3, NULL, 0, NULL, NULL, NULL, 'cvr:1:1-1-4');
INSERT INTO public.cast_vote_record (id, audit_board_index, comment, cvr_id, ballot_type, batch_id, county_id, cvr_number, imprinted_id, record_id, record_type, scanner_id, sequence_number, "timestamp", version, rand, revision, round_number, uri) VALUES (240513, NULL, NULL, NULL, 'Ballot 1 - Type 1', '1', 1, 5, '1-1-5', 5, 'UPLOADED', 1, 4, NULL, 0, NULL, NULL, NULL, 'cvr:1:1-1-5');
INSERT INTO public.cast_vote_record (id, audit_board_index, comment, cvr_id, ballot_type, batch_id, county_id, cvr_number, imprinted_id, record_id, record_type, scanner_id, sequence_number, "timestamp", version, rand, revision, round_number, uri) VALUES (240514, NULL, NULL, NULL, 'Ballot 1 - Type 1', '1', 1, 6, '1-1-6', 6, 'UPLOADED', 1, 5, NULL, 0, NULL, NULL, NULL, 'cvr:1:1-1-6');
INSERT INTO public.cast_vote_record (id, audit_board_index, comment, cvr_id, ballot_type, batch_id, county_id, cvr_number, imprinted_id, record_id, record_type, scanner_id, sequence_number, "timestamp", version, rand, revision, round_number, uri) VALUES (240515, NULL, NULL, NULL, 'Ballot 1 - Type 1', '1', 1, 7, '1-1-7', 7, 'UPLOADED', 1, 6, NULL, 0, NULL, NULL, NULL, 'cvr:1:1-1-7');
INSERT INTO public.cast_vote_record (id, audit_board_index, comment, cvr_id, ballot_type, batch_id, county_id, cvr_number, imprinted_id, record_id, record_type, scanner_id, sequence_number, "timestamp", version, rand, revision, round_number, uri) VALUES (240516, NULL, NULL, NULL, 'Ballot 1 - Type 1', '1', 1, 8, '1-1-8', 8, 'UPLOADED', 1, 7, NULL, 0, NULL, NULL, NULL, 'cvr:1:1-1-8');
INSERT INTO public.cast_vote_record (id, audit_board_index, comment, cvr_id, ballot_type, batch_id, county_id, cvr_number, imprinted_id, record_id, record_type, scanner_id, sequence_number, "timestamp", version, rand, revision, round_number, uri) VALUES (240517, NULL, NULL, NULL, 'Ballot 1 - Type 1', '1', 1, 9, '1-1-9', 9, 'UPLOADED', 1, 8, NULL, 0, NULL, NULL, NULL, 'cvr:1:1-1-9');
INSERT INTO public.cast_vote_record (id, audit_board_index, comment, cvr_id, ballot_type, batch_id, county_id, cvr_number, imprinted_id, record_id, record_type, scanner_id, sequence_number, "timestamp", version, rand, revision, round_number, uri) VALUES (240518, NULL, NULL, NULL, 'Ballot 1 - Type 1', '1', 1, 10, '1-1-10', 10, 'UPLOADED', 1, 9, NULL, 0, NULL, NULL, NULL, 'cvr:1:1-1-10');
INSERT INTO public.cast_vote_record (id, audit_board_index, comment, cvr_id, ballot_type, batch_id, county_id, cvr_number, imprinted_id, record_id, record_type, scanner_id, sequence_number, "timestamp", version, rand, revision, round_number, uri) VALUES (240631, NULL, NULL, NULL, 'Ballot 1 - Type 1', '1', 2, 1, '1-1-1', 1, 'UPLOADED', 1, 0, NULL, 0, NULL, NULL, NULL, 'cvr:2:1-1-1');
INSERT INTO public.cast_vote_record (id, audit_board_index, comment, cvr_id, ballot_type, batch_id, county_id, cvr_number, imprinted_id, record_id, record_type, scanner_id, sequence_number, "timestamp", version, rand, revision, round_number, uri) VALUES (240632, NULL, NULL, NULL, 'Ballot 1 - Type 1', '1', 2, 2, '1-1-2', 2, 'UPLOADED', 1, 1, NULL, 0, NULL, NULL, NULL, 'cvr:2:1-1-2');
INSERT INTO public.cast_vote_record (id, audit_board_index, comment, cvr_id, ballot_type, batch_id, county_id, cvr_number, imprinted_id, record_id, record_type, scanner_id, sequence_number, "timestamp", version, rand, revision, round_number, uri) VALUES (240633, NULL, NULL, NULL, 'Ballot 1 - Type 1', '1', 2, 3, '1-1-3', 3, 'UPLOADED', 1, 2, NULL, 0, NULL, NULL, NULL, 'cvr:2:1-1-3');
INSERT INTO public.cast_vote_record (id, audit_board_index, comment, cvr_id, ballot_type, batch_id, county_id, cvr_number, imprinted_id, record_id, record_type, scanner_id, sequence_number, "timestamp", version, rand, revision, round_number, uri) VALUES (240634, NULL, NULL, NULL, 'Ballot 1 - Type 1', '1', 2, 4, '1-1-4', 4, 'UPLOADED', 1, 3, NULL, 0, NULL, NULL, NULL, 'cvr:2:1-1-4');
INSERT INTO public.cast_vote_record (id, audit_board_index, comment, cvr_id, ballot_type, batch_id, county_id, cvr_number, imprinted_id, record_id, record_type, scanner_id, sequence_number, "timestamp", version, rand, revision, round_number, uri) VALUES (240635, NULL, NULL, NULL, 'Ballot 1 - Type 1', '1', 2, 5, '1-1-5', 5, 'UPLOADED', 1, 4, NULL, 0, NULL, NULL, NULL, 'cvr:2:1-1-5');
INSERT INTO public.cast_vote_record (id, audit_board_index, comment, cvr_id, ballot_type, batch_id, county_id, cvr_number, imprinted_id, record_id, record_type, scanner_id, sequence_number, "timestamp", version, rand, revision, round_number, uri) VALUES (240636, NULL, NULL, NULL, 'Ballot 1 - Type 1', '1', 2, 6, '1-1-6', 6, 'UPLOADED', 1, 5, NULL, 0, NULL, NULL, NULL, 'cvr:2:1-1-6');
INSERT INTO public.cast_vote_record (id, audit_board_index, comment, cvr_id, ballot_type, batch_id, county_id, cvr_number, imprinted_id, record_id, record_type, scanner_id, sequence_number, "timestamp", version, rand, revision, round_number, uri) VALUES (240637, NULL, NULL, NULL, 'Ballot 1 - Type 1', '1', 2, 7, '1-1-7', 7, 'UPLOADED', 1, 6, NULL, 0, NULL, NULL, NULL, 'cvr:2:1-1-7');
INSERT INTO public.cast_vote_record (id, audit_board_index, comment, cvr_id, ballot_type, batch_id, county_id, cvr_number, imprinted_id, record_id, record_type, scanner_id, sequence_number, "timestamp", version, rand, revision, round_number, uri) VALUES (240638, NULL, NULL, NULL, 'Ballot 1 - Type 1', '1', 2, 8, '1-1-8', 8, 'UPLOADED', 1, 7, NULL, 0, NULL, NULL, NULL, 'cvr:2:1-1-8');
INSERT INTO public.cast_vote_record (id, audit_board_index, comment, cvr_id, ballot_type, batch_id, county_id, cvr_number, imprinted_id, record_id, record_type, scanner_id, sequence_number, "timestamp", version, rand, revision, round_number, uri) VALUES (240639, NULL, NULL, NULL, 'Ballot 1 - Type 1', '1', 2, 9, '1-1-9', 9, 'UPLOADED', 1, 8, NULL, 0, NULL, NULL, NULL, 'cvr:2:1-1-9');
INSERT INTO public.cast_vote_record (id, audit_board_index, comment, cvr_id, ballot_type, batch_id, county_id, cvr_number, imprinted_id, record_id, record_type, scanner_id, sequence_number, "timestamp", version, rand, revision, round_number, uri) VALUES (240640, NULL, NULL, NULL, 'Ballot 1 - Type 1', '1', 2, 10, '1-1-10', 10, 'UPLOADED', 1, 9, NULL, 0, NULL, NULL, NULL, 'cvr:2:1-1-10');
INSERT INTO public.cast_vote_record (id, audit_board_index, comment, cvr_id, ballot_type, batch_id, county_id, cvr_number, imprinted_id, record_id, record_type, scanner_id, sequence_number, "timestamp", version, rand, revision, round_number, uri) VALUES (241057, NULL, NULL, NULL, 'Ballot 1 - Type 1', '1', 3, 1, '1-1-1', 1, 'UPLOADED', 1, 0, NULL, 0, NULL, NULL, NULL, 'cvr:3:1-1-1');
INSERT INTO public.cast_vote_record (id, audit_board_index, comment, cvr_id, ballot_type, batch_id, county_id, cvr_number, imprinted_id, record_id, record_type, scanner_id, sequence_number, "timestamp", version, rand, revision, round_number, uri) VALUES (241058, NULL, NULL, NULL, 'Ballot 1 - Type 1', '1', 3, 2, '1-1-2', 2, 'UPLOADED', 1, 1, NULL, 0, NULL, NULL, NULL, 'cvr:3:1-1-2');
INSERT INTO public.cast_vote_record (id, audit_board_index, comment, cvr_id, ballot_type, batch_id, county_id, cvr_number, imprinted_id, record_id, record_type, scanner_id, sequence_number, "timestamp", version, rand, revision, round_number, uri) VALUES (241059, NULL, NULL, NULL, 'Ballot 1 - Type 1', '1', 3, 3, '1-1-3', 3, 'UPLOADED', 1, 2, NULL, 0, NULL, NULL, NULL, 'cvr:3:1-1-3');
INSERT INTO public.cast_vote_record (id, audit_board_index, comment, cvr_id, ballot_type, batch_id, county_id, cvr_number, imprinted_id, record_id, record_type, scanner_id, sequence_number, "timestamp", version, rand, revision, round_number, uri) VALUES (241060, NULL, NULL, NULL, 'Ballot 1 - Type 1', '1', 3, 4, '1-1-4', 4, 'UPLOADED', 1, 3, NULL, 0, NULL, NULL, NULL, 'cvr:3:1-1-4');
INSERT INTO public.cast_vote_record (id, audit_board_index, comment, cvr_id, ballot_type, batch_id, county_id, cvr_number, imprinted_id, record_id, record_type, scanner_id, sequence_number, "timestamp", version, rand, revision, round_number, uri) VALUES (241061, NULL, NULL, NULL, 'Ballot 1 - Type 1', '1', 3, 5, '1-1-5', 5, 'UPLOADED', 1, 4, NULL, 0, NULL, NULL, NULL, 'cvr:3:1-1-5');
INSERT INTO public.cast_vote_record (id, audit_board_index, comment, cvr_id, ballot_type, batch_id, county_id, cvr_number, imprinted_id, record_id, record_type, scanner_id, sequence_number, "timestamp", version, rand, revision, round_number, uri) VALUES (241062, NULL, NULL, NULL, 'Ballot 1 - Type 1', '1', 3, 6, '1-1-6', 6, 'UPLOADED', 1, 5, NULL, 0, NULL, NULL, NULL, 'cvr:3:1-1-6');
INSERT INTO public.cast_vote_record (id, audit_board_index, comment, cvr_id, ballot_type, batch_id, county_id, cvr_number, imprinted_id, record_id, record_type, scanner_id, sequence_number, "timestamp", version, rand, revision, round_number, uri) VALUES (241063, NULL, NULL, NULL, 'Ballot 1 - Type 1', '1', 3, 7, '1-1-7', 7, 'UPLOADED', 1, 6, NULL, 0, NULL, NULL, NULL, 'cvr:3:1-1-7');
INSERT INTO public.cast_vote_record (id, audit_board_index, comment, cvr_id, ballot_type, batch_id, county_id, cvr_number, imprinted_id, record_id, record_type, scanner_id, sequence_number, "timestamp", version, rand, revision, round_number, uri) VALUES (241064, NULL, NULL, NULL, 'Ballot 1 - Type 1', '1', 3, 8, '1-1-8', 8, 'UPLOADED', 1, 7, NULL, 0, NULL, NULL, NULL, 'cvr:3:1-1-8');
INSERT INTO public.cast_vote_record (id, audit_board_index, comment, cvr_id, ballot_type, batch_id, county_id, cvr_number, imprinted_id, record_id, record_type, scanner_id, sequence_number, "timestamp", version, rand, revision, round_number, uri) VALUES (241065, NULL, NULL, NULL, 'Ballot 1 - Type 1', '1', 3, 9, '1-1-9', 9, 'UPLOADED', 1, 8, NULL, 0, NULL, NULL, NULL, 'cvr:3:1-1-9');
INSERT INTO public.cast_vote_record (id, audit_board_index, comment, cvr_id, ballot_type, batch_id, county_id, cvr_number, imprinted_id, record_id, record_type, scanner_id, sequence_number, "timestamp", version, rand, revision, round_number, uri) VALUES (241066, NULL, NULL, NULL, 'Ballot 1 - Type 1', '1', 3, 10, '1-1-10', 10, 'UPLOADED', 1, 9, NULL, 0, NULL, NULL, NULL, 'cvr:3:1-1-10');

--
-- Data for Name: contest; Type: TABLE DATA; Schema: public; Owner: corlaadmin
--

INSERT INTO public.contest (id, description, name, sequence_number, version, votes_allowed, winners_allowed, county_id) VALUES (240503, 'IRV', 'TinyExample1', 0, 0, 3, 1, 1);
INSERT INTO public.contest (id, description, name, sequence_number, version, votes_allowed, winners_allowed, county_id) VALUES (240505, 'PLURALITY', 'PluralityExample1', 1, 0, 1, 1, 1);
-- INSERT INTO public.contest (id, description, name, sequence_number, version, votes_allowed, winners_allowed, county_id) VALUES (240507, 'PLURALITY', 'PluralityExample2', 2, 0, 2, 2, 1);
INSERT INTO public.contest (id, description, name, sequence_number, version, votes_allowed, winners_allowed, county_id) VALUES (240629, 'IRV', 'TinyExample1', 0, 0, 3, 1, 2);
INSERT INTO public.contest (id, description, name, sequence_number, version, votes_allowed, winners_allowed, county_id) VALUES (241051, 'IRV', 'TinyExample1', 0, 0, 3, 1, 3);
INSERT INTO public.contest (id, description, name, sequence_number, version, votes_allowed, winners_allowed, county_id) VALUES (241053, 'PLURALITY', 'PluralityExample1', 1, 0, 1, 1, 3);
-- INSERT INTO public.contest (id, description, name, sequence_number, version, votes_allowed, winners_allowed, county_id) VALUES (241055, 'IRV', 'PluralityExample2', 2, 0, 3, 1, 3);


--
-- Data for Name: contest_choice; Type: TABLE DATA; Schema: public; Owner: corlaadmin
--

INSERT INTO public.contest_choice (contest_id, description, fictitious, name, qualified_write_in, index) VALUES (240503, '', false, 'Alice', false, 0);
INSERT INTO public.contest_choice (contest_id, description, fictitious, name, qualified_write_in, index) VALUES (240503, '', false, 'Bob', false, 1);
INSERT INTO public.contest_choice (contest_id, description, fictitious, name, qualified_write_in, index) VALUES (240503, '', false, 'Chuan', false, 2);
INSERT INTO public.contest_choice (contest_id, description, fictitious, name, qualified_write_in, index) VALUES (240505, '', false, 'Diego', false, 0);
INSERT INTO public.contest_choice (contest_id, description, fictitious, name, qualified_write_in, index) VALUES (240505, '', false, 'Eli', false, 1);
INSERT INTO public.contest_choice (contest_id, description, fictitious, name, qualified_write_in, index) VALUES (240505, '', false, 'Farhad', false, 2);
-- INSERT INTO public.contest_choice (contest_id, description, fictitious, name, qualified_write_in, index) VALUES (240507, '', false, 'Gertrude', false, 0);
-- INSERT INTO public.contest_choice (contest_id, description, fictitious, name, qualified_write_in, index) VALUES (240507, '', false, 'Ho', false, 1);
-- INSERT INTO public.contest_choice (contest_id, description, fictitious, name, qualified_write_in, index) VALUES (240507, '', false, 'Imogen', false, 2);
INSERT INTO public.contest_choice (contest_id, description, fictitious, name, qualified_write_in, index) VALUES (240629, '', false, 'Alice', false, 0);
INSERT INTO public.contest_choice (contest_id, description, fictitious, name, qualified_write_in, index) VALUES (240629, '', false, 'Bob', false, 1);
INSERT INTO public.contest_choice (contest_id, description, fictitious, name, qualified_write_in, index) VALUES (240629, '', false, 'Chuan', false, 2);
INSERT INTO public.contest_choice (contest_id, description, fictitious, name, qualified_write_in, index) VALUES (241051, '', false, 'Alice', false, 0);
INSERT INTO public.contest_choice (contest_id, description, fictitious, name, qualified_write_in, index) VALUES (241051, '', false, 'Bob', false, 1);
INSERT INTO public.contest_choice (contest_id, description, fictitious, name, qualified_write_in, index) VALUES (241051, '', false, 'Chuan', false, 2);
INSERT INTO public.contest_choice (contest_id, description, fictitious, name, qualified_write_in, index) VALUES (241053, '', false, 'Diego', false, 0);
INSERT INTO public.contest_choice (contest_id, description, fictitious, name, qualified_write_in, index) VALUES (241053, '', false, 'Eli', false, 1);
INSERT INTO public.contest_choice (contest_id, description, fictitious, name, qualified_write_in, index) VALUES (241053, '', false, 'Farhad', false, 2);
-- INSERT INTO public.contest_choice (contest_id, description, fictitious, name, qualified_write_in, index) VALUES (241055, '', false, 'Gertrude', false, 0);
-- INSERT INTO public.contest_choice (contest_id, description, fictitious, name, qualified_write_in, index) VALUES (241055, '', false, 'Ho', false, 1);
-- INSERT INTO public.contest_choice (contest_id, description, fictitious, name, qualified_write_in, index) VALUES (241055, '', false, 'Imogen', false, 2);

--
-- Data for Name: county_contest_result; Type: TABLE DATA; Schema: public; Owner: corlaadmin
--

INSERT INTO public.county_contest_result (id, contest_ballot_count, county_ballot_count, losers, max_margin, min_margin, version, winners, winners_allowed, contest_id, county_id) VALUES (240504, 10, 10, '["Alice","Chuan"]', 0, 0, 1, '["Bob"]', 1, 240503, 1);
INSERT INTO public.county_contest_result (id, contest_ballot_count, county_ballot_count, losers, max_margin, min_margin, version, winners, winners_allowed, contest_id, county_id) VALUES (240506, 10, 10, '["Eli","Farhad"]', 1, 1, 1, '["Diego"]', 1, 240505, 1);
-- INSERT INTO public.county_contest_result (id, contest_ballot_count, county_ballot_count, losers, max_margin, min_margin, version, winners, winners_allowed, contest_id, county_id) VALUES (240508, 10, 10, '["Imogen"]', 7, 6, 1, '["Ho","Gertrude"]', 2, 240507, 1);
INSERT INTO public.county_contest_result (id, contest_ballot_count, county_ballot_count, losers, max_margin, min_margin, version, winners, winners_allowed, contest_id, county_id) VALUES (240630, 10, 10, '["Alice","Chuan"]', 0, 0, 1, '["Bob"]', 1, 240629, 2);
INSERT INTO public.county_contest_result (id, contest_ballot_count, county_ballot_count, losers, max_margin, min_margin, version, winners, winners_allowed, contest_id, county_id) VALUES (241052, 10, 10, '["Alice","Chuan"]', 0, 0, 1, '["Bob"]', 1, 241051, 3);
INSERT INTO public.county_contest_result (id, contest_ballot_count, county_ballot_count, losers, max_margin, min_margin, version, winners, winners_allowed, contest_id, county_id) VALUES (241054, 10, 10, '["Eli","Farhad"]', 1, 1, 1, '["Diego"]', 1, 241053, 3);
-- INSERT INTO public.county_contest_result (id, contest_ballot_count, county_ballot_count, losers, max_margin, min_margin, version, winners, winners_allowed, contest_id, county_id) VALUES (241056, 10, 10, '["Ho","Gertrude"]', 0, 0, 1, '["Imogen"]', 1, 241055, 3);


--
-- Data for Name: county_contest_vote_total; Type: TABLE DATA; Schema: public; Owner: corlaadmin
--

INSERT INTO public.county_contest_vote_total (result_id, vote_total, choice) VALUES (240504, 10, 'Bob');
INSERT INTO public.county_contest_vote_total (result_id, vote_total, choice) VALUES (240504, 10, 'Alice');
INSERT INTO public.county_contest_vote_total (result_id, vote_total, choice) VALUES (240504, 10, 'Chuan');
INSERT INTO public.county_contest_vote_total (result_id, vote_total, choice) VALUES (240506, 3, 'Eli');
INSERT INTO public.county_contest_vote_total (result_id, vote_total, choice) VALUES (240506, 4, 'Diego');
INSERT INTO public.county_contest_vote_total (result_id, vote_total, choice) VALUES (240506, 3, 'Farhad');
-- INSERT INTO public.county_contest_vote_total (result_id, vote_total, choice) VALUES (240508, 2, 'Imogen');
-- INSERT INTO public.county_contest_vote_total (result_id, vote_total, choice) VALUES (240508, 8, 'Ho');
-- INSERT INTO public.county_contest_vote_total (result_id, vote_total, choice) VALUES (240508, 9, 'Gertrude');
INSERT INTO public.county_contest_vote_total (result_id, vote_total, choice) VALUES (240630, 10, 'Bob');
INSERT INTO public.county_contest_vote_total (result_id, vote_total, choice) VALUES (240630, 10, 'Alice');
INSERT INTO public.county_contest_vote_total (result_id, vote_total, choice) VALUES (240630, 10, 'Chuan');
INSERT INTO public.county_contest_vote_total (result_id, vote_total, choice) VALUES (241052, 10, 'Bob');
INSERT INTO public.county_contest_vote_total (result_id, vote_total, choice) VALUES (241052, 10, 'Alice');
INSERT INTO public.county_contest_vote_total (result_id, vote_total, choice) VALUES (241052, 10, 'Chuan');
INSERT INTO public.county_contest_vote_total (result_id, vote_total, choice) VALUES (241054, 3, 'Eli');
INSERT INTO public.county_contest_vote_total (result_id, vote_total, choice) VALUES (241054, 4, 'Diego');
INSERT INTO public.county_contest_vote_total (result_id, vote_total, choice) VALUES (241054, 3, 'Farhad');
-- INSERT INTO public.county_contest_vote_total (result_id, vote_total, choice) VALUES (241056, 10, 'Imogen');
-- INSERT INTO public.county_contest_vote_total (result_id, vote_total, choice) VALUES (241056, 10, 'Ho');
-- INSERT INTO public.county_contest_vote_total (result_id, vote_total, choice) VALUES (241056, 10, 'Gertrude');

--
-- Data for Name: cvr_contest_info; Type: TABLE DATA; Schema: public; Owner: corlaadmin
--

INSERT INTO public.cvr_contest_info (cvr_id, county_id, choices, comment, consensus, contest_id, index) VALUES (240509, 1, '["Alice","Bob","Chuan"]', NULL, NULL, 240503, 0);
INSERT INTO public.cvr_contest_info (cvr_id, county_id, choices, comment, consensus, contest_id, index) VALUES (240509, 1, '["Diego"]', NULL, NULL, 240505, 1);
-- INSERT INTO public.cvr_contest_info (cvr_id, county_id, choices, comment, consensus, contest_id, index) VALUES (240509, 1, '["Gertrude","Imogen"]', NULL, NULL, 240507, 2);
INSERT INTO public.cvr_contest_info (cvr_id, county_id, choices, comment, consensus, contest_id, index) VALUES (240510, 1, '["Alice","Bob","Chuan"]', NULL, NULL, 240503, 0);
INSERT INTO public.cvr_contest_info (cvr_id, county_id, choices, comment, consensus, contest_id, index) VALUES (240510, 1, '["Farhad"]', NULL, NULL, 240505, 1);
-- INSERT INTO public.cvr_contest_info (cvr_id, county_id, choices, comment, consensus, contest_id, index) VALUES (240510, 1, '["Imogen"]', NULL, NULL, 240507, 2);
INSERT INTO public.cvr_contest_info (cvr_id, county_id, choices, comment, consensus, contest_id, index) VALUES (240511, 1, '["Alice","Bob","Chuan"]', NULL, NULL, 240503, 0);
INSERT INTO public.cvr_contest_info (cvr_id, county_id, choices, comment, consensus, contest_id, index) VALUES (240511, 1, '["Farhad"]', NULL, NULL, 240505, 1);
-- INSERT INTO public.cvr_contest_info (cvr_id, county_id, choices, comment, consensus, contest_id, index) VALUES (240511, 1, '["Gertrude","Ho"]', NULL, NULL, 240507, 2);
INSERT INTO public.cvr_contest_info (cvr_id, county_id, choices, comment, consensus, contest_id, index) VALUES (240512, 1, '["Alice","Chuan","Bob"]', NULL, NULL, 240503, 0);
INSERT INTO public.cvr_contest_info (cvr_id, county_id, choices, comment, consensus, contest_id, index) VALUES (240512, 1, '["Farhad"]', NULL, NULL, 240505, 1);
-- INSERT INTO public.cvr_contest_info (cvr_id, county_id, choices, comment, consensus, contest_id, index) VALUES (240512, 1, '["Gertrude","Ho"]', NULL, NULL, 240507, 2);
INSERT INTO public.cvr_contest_info (cvr_id, county_id, choices, comment, consensus, contest_id, index) VALUES (240513, 1, '["Alice","Chuan","Bob"]', NULL, NULL, 240503, 0);
INSERT INTO public.cvr_contest_info (cvr_id, county_id, choices, comment, consensus, contest_id, index) VALUES (240513, 1, '["Diego"]', NULL, NULL, 240505, 1);
-- INSERT INTO public.cvr_contest_info (cvr_id, county_id, choices, comment, consensus, contest_id, index) VALUES (240513, 1, '["Gertrude","Ho"]', NULL, NULL, 240507, 2);
INSERT INTO public.cvr_contest_info (cvr_id, county_id, choices, comment, consensus, contest_id, index) VALUES (240514, 1, '["Alice","Chuan","Bob"]', NULL, NULL, 240503, 0);
INSERT INTO public.cvr_contest_info (cvr_id, county_id, choices, comment, consensus, contest_id, index) VALUES (240514, 1, '["Diego"]', NULL, NULL, 240505, 1);
-- INSERT INTO public.cvr_contest_info (cvr_id, county_id, choices, comment, consensus, contest_id, index) VALUES (240514, 1, '["Gertrude","Ho"]', NULL, NULL, 240507, 2);
INSERT INTO public.cvr_contest_info (cvr_id, county_id, choices, comment, consensus, contest_id, index) VALUES (240515, 1, '["Bob","Alice","Chuan"]', NULL, NULL, 240503, 0);
INSERT INTO public.cvr_contest_info (cvr_id, county_id, choices, comment, consensus, contest_id, index) VALUES (240515, 1, '["Diego"]', NULL, NULL, 240505, 1);
-- INSERT INTO public.cvr_contest_info (cvr_id, county_id, choices, comment, consensus, contest_id, index) VALUES (240515, 1, '["Gertrude","Ho"]', NULL, NULL, 240507, 2);
INSERT INTO public.cvr_contest_info (cvr_id, county_id, choices, comment, consensus, contest_id, index) VALUES (240516, 1, '["Chuan","Alice","Bob"]', NULL, NULL, 240503, 0);
INSERT INTO public.cvr_contest_info (cvr_id, county_id, choices, comment, consensus, contest_id, index) VALUES (240516, 1, '["Eli"]', NULL, NULL, 240505, 1);
-- INSERT INTO public.cvr_contest_info (cvr_id, county_id, choices, comment, consensus, contest_id, index) VALUES (240516, 1, '["Gertrude","Ho"]', NULL, NULL, 240507, 2);
INSERT INTO public.cvr_contest_info (cvr_id, county_id, choices, comment, consensus, contest_id, index) VALUES (240517, 1, '["Chuan","Alice","Bob"]', NULL, NULL, 240503, 0);
INSERT INTO public.cvr_contest_info (cvr_id, county_id, choices, comment, consensus, contest_id, index) VALUES (240517, 1, '["Eli"]', NULL, NULL, 240505, 1);
-- INSERT INTO public.cvr_contest_info (cvr_id, county_id, choices, comment, consensus, contest_id, index) VALUES (240517, 1, '["Gertrude","Ho"]', NULL, NULL, 240507, 2);
INSERT INTO public.cvr_contest_info (cvr_id, county_id, choices, comment, consensus, contest_id, index) VALUES (240518, 1, '["Chuan","Alice","Bob"]', NULL, NULL, 240503, 0);
INSERT INTO public.cvr_contest_info (cvr_id, county_id, choices, comment, consensus, contest_id, index) VALUES (240518, 1, '["Eli"]', NULL, NULL, 240505, 1);
-- INSERT INTO public.cvr_contest_info (cvr_id, county_id, choices, comment, consensus, contest_id, index) VALUES (240518, 1, '["Gertrude","Ho"]', NULL, NULL, 240507, 2);
INSERT INTO public.cvr_contest_info (cvr_id, county_id, choices, comment, consensus, contest_id, index) VALUES (240631, 2, '["Alice","Bob","Chuan"]', NULL, NULL, 240629, 0);
INSERT INTO public.cvr_contest_info (cvr_id, county_id, choices, comment, consensus, contest_id, index) VALUES (240632, 2, '["Alice","Bob","Chuan"]', NULL, NULL, 240629, 0);
INSERT INTO public.cvr_contest_info (cvr_id, county_id, choices, comment, consensus, contest_id, index) VALUES (240633, 2, '["Alice","Bob","Chuan"]', NULL, NULL, 240629, 0);
INSERT INTO public.cvr_contest_info (cvr_id, county_id, choices, comment, consensus, contest_id, index) VALUES (240634, 2, '["Alice","Chuan","Bob"]', NULL, NULL, 240629, 0);
INSERT INTO public.cvr_contest_info (cvr_id, county_id, choices, comment, consensus, contest_id, index) VALUES (240635, 2, '["Alice","Chuan","Bob"]', NULL, NULL, 240629, 0);
INSERT INTO public.cvr_contest_info (cvr_id, county_id, choices, comment, consensus, contest_id, index) VALUES (240636, 2, '["Alice","Chuan","Bob"]', NULL, NULL, 240629, 0);
INSERT INTO public.cvr_contest_info (cvr_id, county_id, choices, comment, consensus, contest_id, index) VALUES (240637, 2, '["Bob","Alice","Chuan"]', NULL, NULL, 240629, 0);
INSERT INTO public.cvr_contest_info (cvr_id, county_id, choices, comment, consensus, contest_id, index) VALUES (240638, 2, '["Chuan","Alice","Bob"]', NULL, NULL, 240629, 0);
INSERT INTO public.cvr_contest_info (cvr_id, county_id, choices, comment, consensus, contest_id, index) VALUES (240639, 2, '["Chuan","Alice","Bob"]', NULL, NULL, 240629, 0);
INSERT INTO public.cvr_contest_info (cvr_id, county_id, choices, comment, consensus, contest_id, index) VALUES (240640, 2, '["Chuan","Alice","Bob"]', NULL, NULL, 240629, 0);
INSERT INTO public.cvr_contest_info (cvr_id, county_id, choices, comment, consensus, contest_id, index) VALUES (241057, 3, '["Alice","Bob","Chuan"]', NULL, NULL, 241051, 0);
INSERT INTO public.cvr_contest_info (cvr_id, county_id, choices, comment, consensus, contest_id, index) VALUES (241057, 3, '["Diego"]', NULL, NULL, 241053, 1);
-- INSERT INTO public.cvr_contest_info (cvr_id, county_id, choices, comment, consensus, contest_id, index) VALUES (241057, 3, '["Gertrude","Ho","Imogen"]', NULL, NULL, 241055, 2);
INSERT INTO public.cvr_contest_info (cvr_id, county_id, choices, comment, consensus, contest_id, index) VALUES (241058, 3, '["Alice","Bob","Chuan"]', NULL, NULL, 241051, 0);
INSERT INTO public.cvr_contest_info (cvr_id, county_id, choices, comment, consensus, contest_id, index) VALUES (241058, 3, '["Farhad"]', NULL, NULL, 241053, 1);
-- INSERT INTO public.cvr_contest_info (cvr_id, county_id, choices, comment, consensus, contest_id, index) VALUES (241058, 3, '["Imogen","Ho","Gertrude"]', NULL, NULL, 241055, 2);
INSERT INTO public.cvr_contest_info (cvr_id, county_id, choices, comment, consensus, contest_id, index) VALUES (241059, 3, '["Alice","Bob","Chuan"]', NULL, NULL, 241051, 0);
INSERT INTO public.cvr_contest_info (cvr_id, county_id, choices, comment, consensus, contest_id, index) VALUES (241059, 3, '["Farhad"]', NULL, NULL, 241053, 1);
-- INSERT INTO public.cvr_contest_info (cvr_id, county_id, choices, comment, consensus, contest_id, index) VALUES (241059, 3, '["Ho","Imogen","Gertrude"]', NULL, NULL, 241055, 2);
INSERT INTO public.cvr_contest_info (cvr_id, county_id, choices, comment, consensus, contest_id, index) VALUES (241060, 3, '["Alice","Chuan","Bob"]', NULL, NULL, 241051, 0);
INSERT INTO public.cvr_contest_info (cvr_id, county_id, choices, comment, consensus, contest_id, index) VALUES (241060, 3, '["Farhad"]', NULL, NULL, 241053, 1);
-- INSERT INTO public.cvr_contest_info (cvr_id, county_id, choices, comment, consensus, contest_id, index) VALUES (241060, 3, '["Gertrude","Imogen","Ho"]', NULL, NULL, 241055, 2);
INSERT INTO public.cvr_contest_info (cvr_id, county_id, choices, comment, consensus, contest_id, index) VALUES (241061, 3, '["Alice","Chuan","Bob"]', NULL, NULL, 241051, 0);
INSERT INTO public.cvr_contest_info (cvr_id, county_id, choices, comment, consensus, contest_id, index) VALUES (241061, 3, '["Diego"]', NULL, NULL, 241053, 1);
-- INSERT INTO public.cvr_contest_info (cvr_id, county_id, choices, comment, consensus, contest_id, index) VALUES (241061, 3, '["Gertrude","Imogen","Ho"]', NULL, NULL, 241055, 2);
INSERT INTO public.cvr_contest_info (cvr_id, county_id, choices, comment, consensus, contest_id, index) VALUES (241062, 3, '["Alice","Chuan","Bob"]', NULL, NULL, 241051, 0);
INSERT INTO public.cvr_contest_info (cvr_id, county_id, choices, comment, consensus, contest_id, index) VALUES (241062, 3, '["Diego"]', NULL, NULL, 241053, 1);
-- INSERT INTO public.cvr_contest_info (cvr_id, county_id, choices, comment, consensus, contest_id, index) VALUES (241062, 3, '["Ho","Imogen","Gertrude"]', NULL, NULL, 241055, 2);
INSERT INTO public.cvr_contest_info (cvr_id, county_id, choices, comment, consensus, contest_id, index) VALUES (241063, 3, '["Bob","Alice","Chuan"]', NULL, NULL, 241051, 0);
INSERT INTO public.cvr_contest_info (cvr_id, county_id, choices, comment, consensus, contest_id, index) VALUES (241063, 3, '["Diego"]', NULL, NULL, 241053, 1);
-- INSERT INTO public.cvr_contest_info (cvr_id, county_id, choices, comment, consensus, contest_id, index) VALUES (241063, 3, '["Ho","Imogen","Gertrude"]', NULL, NULL, 241055, 2);
INSERT INTO public.cvr_contest_info (cvr_id, county_id, choices, comment, consensus, contest_id, index) VALUES (241064, 3, '["Chuan","Alice","Bob"]', NULL, NULL, 241051, 0);
INSERT INTO public.cvr_contest_info (cvr_id, county_id, choices, comment, consensus, contest_id, index) VALUES (241064, 3, '["Eli"]', NULL, NULL, 241053, 1);
-- INSERT INTO public.cvr_contest_info (cvr_id, county_id, choices, comment, consensus, contest_id, index) VALUES (241064, 3, '["Ho","Imogen","Gertrude"]', NULL, NULL, 241055, 2);
INSERT INTO public.cvr_contest_info (cvr_id, county_id, choices, comment, consensus, contest_id, index) VALUES (241065, 3, '["Chuan","Alice","Bob"]', NULL, NULL, 241051, 0);
INSERT INTO public.cvr_contest_info (cvr_id, county_id, choices, comment, consensus, contest_id, index) VALUES (241065, 3, '["Eli"]', NULL, NULL, 241053, 1);
-- INSERT INTO public.cvr_contest_info (cvr_id, county_id, choices, comment, consensus, contest_id, index) VALUES (241065, 3, '["Gertrude","Imogen","Ho"]', NULL, NULL, 241055, 2);
INSERT INTO public.cvr_contest_info (cvr_id, county_id, choices, comment, consensus, contest_id, index) VALUES (241066, 3, '["Chuan","Alice","Bob"]', NULL, NULL, 241051, 0);
INSERT INTO public.cvr_contest_info (cvr_id, county_id, choices, comment, consensus, contest_id, index) VALUES (241066, 3, '["Eli"]', NULL, NULL, 241053, 1);
-- INSERT INTO public.cvr_contest_info (cvr_id, county_id, choices, comment, consensus, contest_id, index) VALUES (241066, 3, '["Gertrude","Imogen","Ho"]', NULL, NULL, 241055, 2);



--
-- Data for Name: uploaded_file; Type: TABLE DATA; Schema: public; Owner: corlaadmin
--

INSERT INTO public.uploaded_file (id, computed_hash, approximate_record_count, file, filename, size, "timestamp", version, result, status, submitted_hash, county_id) VALUES (240488, '7760C6690CAACD2568CA80ED10B8D3362D561D4573890DA867B2CAC10EE89659', 14, 17313, 'ThreeCandidatesTenVotesPlusPlurality.csv', 1718, '2024-06-13 19:42:48.902499', 1, '{"success":true,"importedCount":10}', 'IMPORTED', '7760C6690CAACD2568CA80ED10B8D3362D561D4573890DA867B2CAC10EE89659', 1);
INSERT INTO public.uploaded_file (id, computed_hash, approximate_record_count, file, filename, size, "timestamp", version, result, status, submitted_hash, county_id) VALUES (240543, '5D602A0A0B2BC51A2E9F1F6EFD8650FDD748E4FDD8268104A43A633588A998C3', 2, 17314, 'HundredVotes_Manifest.csv', 78, '2024-06-13 19:43:21.05893', 1, '{"success":true,"importedCount":1,"errorMessage":null,"errorRowNum":null,"errorRowContent":null}', 'IMPORTED', '5D602A0A0B2BC51A2E9F1F6EFD8650FDD748E4FDD8268104A43A633588A998C3', 1);
INSERT INTO public.uploaded_file (id, computed_hash, approximate_record_count, file, filename, size, "timestamp", version, result, status, submitted_hash, county_id) VALUES (240590, '5D602A0A0B2BC51A2E9F1F6EFD8650FDD748E4FDD8268104A43A633588A998C3', 2, 17316, 'HundredVotes_Manifest.csv', 78, '2024-06-13 19:44:06.224713', 1, '{"success":true,"importedCount":1,"errorMessage":null,"errorRowNum":null,"errorRowContent":null}', 'IMPORTED', '5D602A0A0B2BC51A2E9F1F6EFD8650FDD748E4FDD8268104A43A633588A998C3', 2);
INSERT INTO public.uploaded_file (id, computed_hash, approximate_record_count, file, filename, size, "timestamp", version, result, status, submitted_hash, county_id) VALUES (240618, 'D2EE3F29D1CCB8B0F4B790493EDC2F41B4081DCC1D760277ACA27268140D166C', 14, 17317, 'ThreeCandidatesTenVotes.csv', 1364, '2024-06-13 19:44:27.083812', 1, '{"success":true,"importedCount":10}', 'IMPORTED', 'D2EE3F29D1CCB8B0F4B790493EDC2F41B4081DCC1D760277ACA27268140D166C', 2);
INSERT INTO public.uploaded_file (id, computed_hash, approximate_record_count, file, filename, size, "timestamp", version, result, status, submitted_hash, county_id) VALUES (241040, 'ECF373ABB783C2A6577FD46BF2437C728498E88304A6FC2CCEFB61A1082B3556', 14, 17322, 'ThreeCandidatesTenVotesPlusInconsistentPlurality.csv', 2389, '2024-06-13 19:53:11.723821', 1, '{"success":true,"importedCount":10}', 'IMPORTED', 'ECF373ABB783C2A6577FD46BF2437C728498E88304A6FC2CCEFB61A1082B3556', 3);
INSERT INTO public.uploaded_file (id, computed_hash, approximate_record_count, file, filename, size, "timestamp", version, result, status, submitted_hash, county_id) VALUES (241095, '5D602A0A0B2BC51A2E9F1F6EFD8650FDD748E4FDD8268104A43A633588A998C3', 2, 17324, 'HundredVotes_Manifest.csv', 78, '2024-06-13 19:53:49.606724', 1, '{"success":true,"importedCount":1,"errorMessage":null,"errorRowNum":null,"errorRowContent":null}', 'IMPORTED', '5D602A0A0B2BC51A2E9F1F6EFD8650FDD748E4FDD8268104A43A633588A998C3', 3);